{
  "openapi": "3.0.1",
  "info": {
    "title": "Marketing Api",
    "description": "The Marketing Microservice HTTP API.",
    "version": "v1"
  },
  "paths": {
    "/api/CashBack/rules": {
      "get": {
        "tags": [
          "CashBack"
        ],
        "parameters": [
          {
            "name": "CreditIdentifier",
            "in": "query",
            "schema": {
              "type": "integer",
              "format": "int32"
            }
          },
          {
            "name": "CreditType",
            "in": "query",
            "schema": {
              "$ref": "#/components/schemas/CreditType"
            }
          }
        ],
        "responses": {
          "200": {
            "description": "Success",
            "content": {
              "text/plain": {
                "schema": {
                  "$ref": "#/components/schemas/CashBackRuleModelResponseList"
                }
              },
              "application/json": {
                "schema": {
                  "$ref": "#/components/schemas/CashBackRuleModelResponseList"
                }
              },
              "text/json": {
                "schema": {
                  "$ref": "#/components/schemas/CashBackRuleModelResponseList"
                }
              }
            }
          },
          "400": {
            "description": "Bad Request",
            "content": {
              "text/plain": {
                "schema": {
                  "$ref": "#/components/schemas/ValidationProblemDetails"
                }
              },
              "application/json": {
                "schema": {
                  "$ref": "#/components/schemas/ValidationProblemDetails"
                }
              },
              "text/json": {
                "schema": {
                  "$ref": "#/components/schemas/ValidationProblemDetails"
                }
              }
            }
          },
          "500": {
            "description": "Server Error",
            "content": {
              "text/plain": {
                "schema": {
                  "$ref": "#/components/schemas/ProblemDetails"
                }
              },
              "application/json": {
                "schema": {
                  "$ref": "#/components/schemas/ProblemDetails"
                }
              },
              "text/json": {
                "schema": {
                  "$ref": "#/components/schemas/ProblemDetails"
                }
              }
            }
          }
        }
      }
    },
    "/api/CashBack/PromotionLoyaltyLog": {
      "get": {
        "tags": [
          "CashBack"
        ],
        "parameters": [
          {
            "name": "PageIndex",
            "in": "query",
            "schema": {
              "type": "integer",
              "format": "int32"
            }
          },
          {
            "name": "PageSize",
            "in": "query",
            "schema": {
              "type": "integer",
              "format": "int32"
            }
          },
          {
            "name": "UserId",
            "in": "query",
            "schema": {
              "type": "integer",
              "format": "int32"
            }
          },
          {
            "name": "IsFailure",
            "in": "query",
            "schema": {
              "type": "boolean"
            }
          },
          {
            "name": "From",
            "in": "query",
            "schema": {
              "type": "string",
              "format": "date-time"
            }
          },
          {
            "name": "To",
            "in": "query",
            "schema": {
              "type": "string",
              "format": "date-time"
            }
          }
        ],
        "responses": {
          "200": {
            "description": "Success",
            "content": {
              "text/plain": {
                "schema": {
                  "$ref": "#/components/schemas/PromotionLoyaltyLogModelPaginatedList"
                }
              },
              "application/json": {
                "schema": {
                  "$ref": "#/components/schemas/PromotionLoyaltyLogModelPaginatedList"
                }
              },
              "text/json": {
                "schema": {
                  "$ref": "#/components/schemas/PromotionLoyaltyLogModelPaginatedList"
                }
              }
            }
          },
          "400": {
            "description": "Bad Request",
            "content": {
              "text/plain": {
                "schema": {
                  "$ref": "#/components/schemas/ValidationProblemDetails"
                }
              },
              "application/json": {
                "schema": {
                  "$ref": "#/components/schemas/ValidationProblemDetails"
                }
              },
              "text/json": {
                "schema": {
                  "$ref": "#/components/schemas/ValidationProblemDetails"
                }
              }
            }
          },
          "500": {
            "description": "Server Error",
            "content": {
              "text/plain": {
                "schema": {
                  "$ref": "#/components/schemas/ProblemDetails"
                }
              },
              "application/json": {
                "schema": {
                  "$ref": "#/components/schemas/ProblemDetails"
                }
              },
              "text/json": {
                "schema": {
                  "$ref": "#/components/schemas/ProblemDetails"
                }
              }
            }
          }
        }
      }
    },
    "/api/CashBack/retry": {
      "get": {
        "tags": [
          "CashBack"
        ],
        "requestBody": {
          "content": {
            "application/json-patch+json": {
              "schema": {
                "$ref": "#/components/schemas/RetryCashbackProcessCommand"
              }
            },
            "application/json": {
              "schema": {
                "$ref": "#/components/schemas/RetryCashbackProcessCommand"
              }
            },
            "text/json": {
              "schema": {
                "$ref": "#/components/schemas/RetryCashbackProcessCommand"
              }
            },
            "application/*+json": {
              "schema": {
                "$ref": "#/components/schemas/RetryCashbackProcessCommand"
              }
            }
          }
        },
        "responses": {
          "200": {
            "description": "Success",
            "content": {
              "text/plain": {
                "schema": {
                  "$ref": "#/components/schemas/ResponseModel"
                }
              },
              "application/json": {
                "schema": {
                  "$ref": "#/components/schemas/ResponseModel"
                }
              },
              "text/json": {
                "schema": {
                  "$ref": "#/components/schemas/ResponseModel"
                }
              }
            }
          },
          "400": {
            "description": "Bad Request",
            "content": {
              "text/plain": {
                "schema": {
                  "$ref": "#/components/schemas/ValidationProblemDetails"
                }
              },
              "application/json": {
                "schema": {
                  "$ref": "#/components/schemas/ValidationProblemDetails"
                }
              },
              "text/json": {
                "schema": {
                  "$ref": "#/components/schemas/ValidationProblemDetails"
                }
              }
            }
          },
          "500": {
            "description": "Server Error",
            "content": {
              "text/plain": {
                "schema": {
                  "$ref": "#/components/schemas/ProblemDetails"
                }
              },
              "application/json": {
                "schema": {
                  "$ref": "#/components/schemas/ProblemDetails"
                }
              },
              "text/json": {
                "schema": {
                  "$ref": "#/components/schemas/ProblemDetails"
                }
              }
            }
          }
        }
      }
    },
    "/api/Loyalty": {
      "post": {
        "tags": [
          "Loyalty"
        ],
        "requestBody": {
          "content": {
            "application/json-patch+json": {
              "schema": {
                "$ref": "#/components/schemas/CreateLoyaltyCommand"
              }
            },
            "application/json": {
              "schema": {
                "$ref": "#/components/schemas/CreateLoyaltyCommand"
              }
            },
            "text/json": {
              "schema": {
                "$ref": "#/components/schemas/CreateLoyaltyCommand"
              }
            },
            "application/*+json": {
              "schema": {
                "$ref": "#/components/schemas/CreateLoyaltyCommand"
              }
            }
          }
        },
        "responses": {
          "200": {
            "description": "Success",
            "content": {
              "text/plain": {
                "schema": {
                  "type": "integer",
                  "format": "int32"
                }
              },
              "application/json": {
                "schema": {
                  "type": "integer",
                  "format": "int32"
                }
              },
              "text/json": {
                "schema": {
                  "type": "integer",
                  "format": "int32"
                }
              }
            }
          },
          "400": {
            "description": "Bad Request",
            "content": {
              "text/plain": {
                "schema": {
                  "$ref": "#/components/schemas/ValidationProblemDetails"
                }
              },
              "application/json": {
                "schema": {
                  "$ref": "#/components/schemas/ValidationProblemDetails"
                }
              },
              "text/json": {
                "schema": {
                  "$ref": "#/components/schemas/ValidationProblemDetails"
                }
              }
            }
          },
          "500": {
            "description": "Server Error",
            "content": {
              "text/plain": {
                "schema": {
                  "$ref": "#/components/schemas/ProblemDetails"
                }
              },
              "application/json": {
                "schema": {
                  "$ref": "#/components/schemas/ProblemDetails"
                }
              },
              "text/json": {
                "schema": {
                  "$ref": "#/components/schemas/ProblemDetails"
                }
              }
            }
          }
        }
      },
      "patch": {
        "tags": [
          "Loyalty"
        ],
        "requestBody": {
          "content": {
            "application/json-patch+json": {
              "schema": {
                "$ref": "#/components/schemas/UpdateLoyaltyCommand"
              }
            },
            "application/json": {
              "schema": {
                "$ref": "#/components/schemas/UpdateLoyaltyCommand"
              }
            },
            "text/json": {
              "schema": {
                "$ref": "#/components/schemas/UpdateLoyaltyCommand"
              }
            },
            "application/*+json": {
              "schema": {
                "$ref": "#/components/schemas/UpdateLoyaltyCommand"
              }
            }
          }
        },
        "responses": {
          "200": {
            "description": "Success",
            "content": {
              "text/plain": {
                "schema": {
                  "type": "boolean"
                }
              },
              "application/json": {
                "schema": {
                  "type": "boolean"
                }
              },
              "text/json": {
                "schema": {
                  "type": "boolean"
                }
              }
            }
          },
          "400": {
            "description": "Bad Request",
            "content": {
              "text/plain": {
                "schema": {
                  "$ref": "#/components/schemas/ValidationProblemDetails"
                }
              },
              "application/json": {
                "schema": {
                  "$ref": "#/components/schemas/ValidationProblemDetails"
                }
              },
              "text/json": {
                "schema": {
                  "$ref": "#/components/schemas/ValidationProblemDetails"
                }
              }
            }
          },
          "500": {
            "description": "Server Error",
            "content": {
              "text/plain": {
                "schema": {
                  "$ref": "#/components/schemas/ProblemDetails"
                }
              },
              "application/json": {
                "schema": {
                  "$ref": "#/components/schemas/ProblemDetails"
                }
              },
              "text/json": {
                "schema": {
                  "$ref": "#/components/schemas/ProblemDetails"
                }
              }
            }
          }
        }
      }
    },
    "/api/Loyalty/GetLoyalty": {
      "get": {
        "tags": [
          "Loyalty"
        ],
        "parameters": [
          {
            "name": "PageIndex",
            "in": "query",
            "schema": {
              "type": "integer",
              "format": "int32"
            }
          },
          {
            "name": "PageSize",
            "in": "query",
            "schema": {
              "type": "integer",
              "format": "int32"
            }
          },
          {
            "name": "sortable.SortBy",
            "in": "query",
            "schema": {
              "type": "string"
            }
          },
          {
            "name": "sortable.SortOrder",
            "in": "query",
            "schema": {
              "pattern": "(^$)|(asc|desc)",
              "type": "string"
            }
          }
        ],
        "responses": {
          "200": {
            "description": "Success",
            "content": {
              "text/plain": {
                "schema": {
                  "$ref": "#/components/schemas/LoyaltyModelPaginatedList"
                }
              },
              "application/json": {
                "schema": {
                  "$ref": "#/components/schemas/LoyaltyModelPaginatedList"
                }
              },
              "text/json": {
                "schema": {
                  "$ref": "#/components/schemas/LoyaltyModelPaginatedList"
                }
              }
            }
          },
          "400": {
            "description": "Bad Request",
            "content": {
              "text/plain": {
                "schema": {
                  "$ref": "#/components/schemas/ValidationProblemDetails"
                }
              },
              "application/json": {
                "schema": {
                  "$ref": "#/components/schemas/ValidationProblemDetails"
                }
              },
              "text/json": {
                "schema": {
                  "$ref": "#/components/schemas/ValidationProblemDetails"
                }
              }
            }
          },
          "500": {
            "description": "Server Error",
            "content": {
              "text/plain": {
                "schema": {
                  "$ref": "#/components/schemas/ProblemDetails"
                }
              },
              "application/json": {
                "schema": {
                  "$ref": "#/components/schemas/ProblemDetails"
                }
              },
              "text/json": {
                "schema": {
                  "$ref": "#/components/schemas/ProblemDetails"
                }
              }
            }
          }
        }
      }
    },
    "/api/Loyalty/GetById": {
      "get": {
        "tags": [
          "Loyalty"
        ],
        "parameters": [
          {
            "name": "LoyaltyId",
            "in": "query",
            "schema": {
              "type": "integer",
              "format": "int32"
            }
          }
        ],
        "responses": {
          "200": {
            "description": "Success",
            "content": {
              "text/plain": {
                "schema": {
                  "$ref": "#/components/schemas/LoyaltyModel"
                }
              },
              "application/json": {
                "schema": {
                  "$ref": "#/components/schemas/LoyaltyModel"
                }
              },
              "text/json": {
                "schema": {
                  "$ref": "#/components/schemas/LoyaltyModel"
                }
              }
            }
          },
          "400": {
            "description": "Bad Request",
            "content": {
              "text/plain": {
                "schema": {
                  "$ref": "#/components/schemas/ValidationProblemDetails"
                }
              },
              "application/json": {
                "schema": {
                  "$ref": "#/components/schemas/ValidationProblemDetails"
                }
              },
              "text/json": {
                "schema": {
                  "$ref": "#/components/schemas/ValidationProblemDetails"
                }
              }
            }
          },
          "500": {
            "description": "Server Error",
            "content": {
              "text/plain": {
                "schema": {
                  "$ref": "#/components/schemas/ProblemDetails"
                }
              },
              "application/json": {
                "schema": {
                  "$ref": "#/components/schemas/ProblemDetails"
                }
              },
              "text/json": {
                "schema": {
                  "$ref": "#/components/schemas/ProblemDetails"
                }
              }
            }
          }
        }
      }
    },
    "/api/Loyalty/GetCashBackEvent": {
      "get": {
        "tags": [
          "Loyalty"
        ],
        "parameters": [
          {
            "name": "id",
            "in": "query",
            "schema": {
              "$ref": "#/components/schemas/CreditType"
            }
          }
        ],
        "responses": {
          "200": {
            "description": "Success",
            "content": {
              "text/plain": {
                "schema": {
                  "type": "array",
                  "items": {
                    "$ref": "#/components/schemas/CashBackEvent"
                  }
                }
              },
              "application/json": {
                "schema": {
                  "type": "array",
                  "items": {
                    "$ref": "#/components/schemas/CashBackEvent"
                  }
                }
              },
              "text/json": {
                "schema": {
                  "type": "array",
                  "items": {
                    "$ref": "#/components/schemas/CashBackEvent"
                  }
                }
              }
            }
          },
          "400": {
            "description": "Bad Request",
            "content": {
              "text/plain": {
                "schema": {
                  "$ref": "#/components/schemas/ValidationProblemDetails"
                }
              },
              "application/json": {
                "schema": {
                  "$ref": "#/components/schemas/ValidationProblemDetails"
                }
              },
              "text/json": {
                "schema": {
                  "$ref": "#/components/schemas/ValidationProblemDetails"
                }
              }
            }
          },
          "500": {
            "description": "Server Error",
            "content": {
              "text/plain": {
                "schema": {
                  "$ref": "#/components/schemas/ProblemDetails"
                }
              },
              "application/json": {
                "schema": {
                  "$ref": "#/components/schemas/ProblemDetails"
                }
              },
              "text/json": {
                "schema": {
                  "$ref": "#/components/schemas/ProblemDetails"
                }
              }
            }
          }
        }
      }
    },
    "/api/Loyalty/CashBackCrietriaByEventId": {
      "get": {
        "tags": [
          "Loyalty"
        ],
        "parameters": [
          {
            "name": "EventId",
            "in": "query",
            "schema": {
              "type": "integer",
              "format": "int32"
            }
          }
        ],
        "responses": {
          "200": {
            "description": "Success",
            "content": {
              "text/plain": {
                "schema": {
                  "type": "array",
                  "items": {
                    "$ref": "#/components/schemas/CashBackCriteria"
                  }
                }
              },
              "application/json": {
                "schema": {
                  "type": "array",
                  "items": {
                    "$ref": "#/components/schemas/CashBackCriteria"
                  }
                }
              },
              "text/json": {
                "schema": {
                  "type": "array",
                  "items": {
                    "$ref": "#/components/schemas/CashBackCriteria"
                  }
                }
              }
            }
          },
          "400": {
            "description": "Bad Request",
            "content": {
              "text/plain": {
                "schema": {
                  "$ref": "#/components/schemas/ValidationProblemDetails"
                }
              },
              "application/json": {
                "schema": {
                  "$ref": "#/components/schemas/ValidationProblemDetails"
                }
              },
              "text/json": {
                "schema": {
                  "$ref": "#/components/schemas/ValidationProblemDetails"
                }
              }
            }
          },
          "500": {
            "description": "Server Error",
            "content": {
              "text/plain": {
                "schema": {
                  "$ref": "#/components/schemas/ProblemDetails"
                }
              },
              "application/json": {
                "schema": {
                  "$ref": "#/components/schemas/ProblemDetails"
                }
              },
              "text/json": {
                "schema": {
                  "$ref": "#/components/schemas/ProblemDetails"
                }
              }
            }
          }
        }
      }
    },
    "/api/Loyalty/CashBackCrietriaById": {
      "get": {
        "tags": [
          "Loyalty"
        ],
        "parameters": [
          {
            "name": "CriteriaId",
            "in": "query",
            "schema": {
              "type": "integer",
              "format": "int32"
            }
          }
        ],
        "responses": {
          "200": {
            "description": "Success",
            "content": {
              "text/plain": {
                "schema": {
                  "$ref": "#/components/schemas/CashBackCriteria"
                }
              },
              "application/json": {
                "schema": {
                  "$ref": "#/components/schemas/CashBackCriteria"
                }
              },
              "text/json": {
                "schema": {
                  "$ref": "#/components/schemas/CashBackCriteria"
                }
              }
            }
          },
          "400": {
            "description": "Bad Request",
            "content": {
              "text/plain": {
                "schema": {
                  "$ref": "#/components/schemas/ValidationProblemDetails"
                }
              },
              "application/json": {
                "schema": {
                  "$ref": "#/components/schemas/ValidationProblemDetails"
                }
              },
              "text/json": {
                "schema": {
                  "$ref": "#/components/schemas/ValidationProblemDetails"
                }
              }
            }
          },
          "500": {
            "description": "Server Error",
            "content": {
              "text/plain": {
                "schema": {
                  "$ref": "#/components/schemas/ProblemDetails"
                }
              },
              "application/json": {
                "schema": {
                  "$ref": "#/components/schemas/ProblemDetails"
                }
              },
              "text/json": {
                "schema": {
                  "$ref": "#/components/schemas/ProblemDetails"
                }
              }
            }
          }
        }
      }
    },
    "/api/Marketting/Appdownload": {
      "get": {
        "tags": [
          "Marketting"
        ],
        "parameters": [
          {
            "name": "code",
            "in": "query",
            "schema": {
              "type": "string"
            }
          }
        ],
        "responses": {
          "200": {
            "description": "Success"
          }
        }
      }
    },
    "/api/Offer": {
      "post": {
        "tags": [
          "Offer"
        ],
        "requestBody": {
          "content": {
            "application/json-patch+json": {
              "schema": {
                "$ref": "#/components/schemas/CreateOfferCommand"
              }
            },
            "application/json": {
              "schema": {
                "$ref": "#/components/schemas/CreateOfferCommand"
              }
            },
            "text/json": {
              "schema": {
                "$ref": "#/components/schemas/CreateOfferCommand"
              }
            },
            "application/*+json": {
              "schema": {
                "$ref": "#/components/schemas/CreateOfferCommand"
              }
            }
          }
        },
        "responses": {
          "200": {
            "description": "Success",
            "content": {
              "text/plain": {
                "schema": {
                  "type": "integer",
                  "format": "int32"
                }
              },
              "application/json": {
                "schema": {
                  "type": "integer",
                  "format": "int32"
                }
              },
              "text/json": {
                "schema": {
                  "type": "integer",
                  "format": "int32"
                }
              }
            }
          },
          "400": {
            "description": "Bad Request",
            "content": {
              "text/plain": {
                "schema": {
                  "$ref": "#/components/schemas/ValidationProblemDetails"
                }
              },
              "application/json": {
                "schema": {
                  "$ref": "#/components/schemas/ValidationProblemDetails"
                }
              },
              "text/json": {
                "schema": {
                  "$ref": "#/components/schemas/ValidationProblemDetails"
                }
              }
            }
          },
          "500": {
            "description": "Server Error",
            "content": {
              "text/plain": {
                "schema": {
                  "$ref": "#/components/schemas/ProblemDetails"
                }
              },
              "application/json": {
                "schema": {
                  "$ref": "#/components/schemas/ProblemDetails"
                }
              },
              "text/json": {
                "schema": {
                  "$ref": "#/components/schemas/ProblemDetails"
                }
              }
            }
          }
        }
      },
      "patch": {
        "tags": [
          "Offer"
        ],
        "requestBody": {
          "content": {
            "application/json-patch+json": {
              "schema": {
                "$ref": "#/components/schemas/UpdateOfferCommand"
              }
            },
            "application/json": {
              "schema": {
                "$ref": "#/components/schemas/UpdateOfferCommand"
              }
            },
            "text/json": {
              "schema": {
                "$ref": "#/components/schemas/UpdateOfferCommand"
              }
            },
            "application/*+json": {
              "schema": {
                "$ref": "#/components/schemas/UpdateOfferCommand"
              }
            }
          }
        },
        "responses": {
          "200": {
            "description": "Success",
            "content": {
              "text/plain": {
                "schema": {
                  "type": "boolean"
                }
              },
              "application/json": {
                "schema": {
                  "type": "boolean"
                }
              },
              "text/json": {
                "schema": {
                  "type": "boolean"
                }
              }
            }
          },
          "400": {
            "description": "Bad Request",
            "content": {
              "text/plain": {
                "schema": {
                  "$ref": "#/components/schemas/ValidationProblemDetails"
                }
              },
              "application/json": {
                "schema": {
                  "$ref": "#/components/schemas/ValidationProblemDetails"
                }
              },
              "text/json": {
                "schema": {
                  "$ref": "#/components/schemas/ValidationProblemDetails"
                }
              }
            }
          },
          "500": {
            "description": "Server Error",
            "content": {
              "text/plain": {
                "schema": {
                  "$ref": "#/components/schemas/ProblemDetails"
                }
              },
              "application/json": {
                "schema": {
                  "$ref": "#/components/schemas/ProblemDetails"
                }
              },
              "text/json": {
                "schema": {
                  "$ref": "#/components/schemas/ProblemDetails"
                }
              }
            }
          }
        }
      }
    },
    "/api/Offer/ByFilter": {
      "get": {
        "tags": [
          "Offer"
        ],
        "parameters": [
          {
            "name": "OfferId",
            "in": "query",
            "schema": {
              "type": "integer",
              "format": "int32"
            }
          },
          {
            "name": "StoreId",
            "in": "query",
            "schema": {
              "type": "integer",
              "format": "int32"
            }
          },
          {
            "name": "StoreName",
            "in": "query",
            "schema": {
              "type": "string"
            }
          },
          {
            "name": "OfferDeal",
            "in": "query",
            "schema": {
              "type": "string"
            }
          },
          {
            "name": "PageIndex",
            "in": "query",
            "schema": {
              "type": "integer",
              "format": "int32"
            }
          },
          {
            "name": "PageSize",
            "in": "query",
            "schema": {
              "type": "integer",
              "format": "int32"
            }
          },
          {
            "name": "sortable.SortBy",
            "in": "query",
            "schema": {
              "type": "string"
            }
          },
          {
            "name": "sortable.SortOrder",
            "in": "query",
            "schema": {
              "pattern": "(^$)|(asc|desc)",
              "type": "string"
            }
          }
        ],
        "responses": {
          "200": {
            "description": "Success",
            "content": {
              "text/plain": {
                "schema": {
                  "$ref": "#/components/schemas/OfferModelPaginatedList"
                }
              },
              "application/json": {
                "schema": {
                  "$ref": "#/components/schemas/OfferModelPaginatedList"
                }
              },
              "text/json": {
                "schema": {
                  "$ref": "#/components/schemas/OfferModelPaginatedList"
                }
              }
            }
          },
          "400": {
            "description": "Bad Request",
            "content": {
              "text/plain": {
                "schema": {
                  "$ref": "#/components/schemas/ValidationProblemDetails"
                }
              },
              "application/json": {
                "schema": {
                  "$ref": "#/components/schemas/ValidationProblemDetails"
                }
              },
              "text/json": {
                "schema": {
                  "$ref": "#/components/schemas/ValidationProblemDetails"
                }
              }
            }
          },
          "500": {
            "description": "Server Error",
            "content": {
              "text/plain": {
                "schema": {
                  "$ref": "#/components/schemas/ProblemDetails"
                }
              },
              "application/json": {
                "schema": {
                  "$ref": "#/components/schemas/ProblemDetails"
                }
              },
              "text/json": {
                "schema": {
                  "$ref": "#/components/schemas/ProblemDetails"
                }
              }
            }
          }
        }
      }
    },
    "/api/Offer/SearchByFilter": {
      "get": {
        "tags": [
          "Offer"
        ],
        "parameters": [
          {
            "name": "StoreName",
            "in": "query",
            "schema": {
              "type": "string"
            }
          },
          {
            "name": "description",
            "in": "query",
            "schema": {
              "type": "string"
            }
          }
        ],
        "responses": {
          "200": {
            "description": "Success",
            "content": {
              "text/plain": {
                "schema": {
                  "$ref": "#/components/schemas/OfferModelResponseList"
                }
              },
              "application/json": {
                "schema": {
                  "$ref": "#/components/schemas/OfferModelResponseList"
                }
              },
              "text/json": {
                "schema": {
                  "$ref": "#/components/schemas/OfferModelResponseList"
                }
              }
            }
          },
          "400": {
            "description": "Bad Request",
            "content": {
              "text/plain": {
                "schema": {
                  "$ref": "#/components/schemas/ValidationProblemDetails"
                }
              },
              "application/json": {
                "schema": {
                  "$ref": "#/components/schemas/ValidationProblemDetails"
                }
              },
              "text/json": {
                "schema": {
                  "$ref": "#/components/schemas/ValidationProblemDetails"
                }
              }
            }
          },
          "500": {
            "description": "Server Error",
            "content": {
              "text/plain": {
                "schema": {
                  "$ref": "#/components/schemas/ProblemDetails"
                }
              },
              "application/json": {
                "schema": {
                  "$ref": "#/components/schemas/ProblemDetails"
                }
              },
              "text/json": {
                "schema": {
                  "$ref": "#/components/schemas/ProblemDetails"
                }
              }
            }
          }
        }
      }
    },
    "/api/Offer/InactiveOfferByFilter": {
      "get": {
        "tags": [
          "Offer"
        ],
        "parameters": [
          {
            "name": "OfferId",
            "in": "query",
            "schema": {
              "type": "integer",
              "format": "int32"
            }
          },
          {
            "name": "StoreId",
            "in": "query",
            "schema": {
              "type": "integer",
              "format": "int32"
            }
          },
          {
            "name": "StoreName",
            "in": "query",
            "schema": {
              "type": "string"
            }
          },
          {
            "name": "OfferDeal",
            "in": "query",
            "schema": {
              "type": "string"
            }
          },
          {
            "name": "PageIndex",
            "in": "query",
            "schema": {
              "type": "integer",
              "format": "int32"
            }
          },
          {
            "name": "PageSize",
            "in": "query",
            "schema": {
              "type": "integer",
              "format": "int32"
            }
          },
          {
            "name": "sortable.SortBy",
            "in": "query",
            "schema": {
              "type": "string"
            }
          },
          {
            "name": "sortable.SortOrder",
            "in": "query",
            "schema": {
              "pattern": "(^$)|(asc|desc)",
              "type": "string"
            }
          }
        ],
        "responses": {
          "200": {
            "description": "Success",
            "content": {
              "text/plain": {
                "schema": {
                  "$ref": "#/components/schemas/OfferModelPaginatedList"
                }
              },
              "application/json": {
                "schema": {
                  "$ref": "#/components/schemas/OfferModelPaginatedList"
                }
              },
              "text/json": {
                "schema": {
                  "$ref": "#/components/schemas/OfferModelPaginatedList"
                }
              }
            }
          },
          "400": {
            "description": "Bad Request",
            "content": {
              "text/plain": {
                "schema": {
                  "$ref": "#/components/schemas/ValidationProblemDetails"
                }
              },
              "application/json": {
                "schema": {
                  "$ref": "#/components/schemas/ValidationProblemDetails"
                }
              },
              "text/json": {
                "schema": {
                  "$ref": "#/components/schemas/ValidationProblemDetails"
                }
              }
            }
          },
          "500": {
            "description": "Server Error",
            "content": {
              "text/plain": {
                "schema": {
                  "$ref": "#/components/schemas/ProblemDetails"
                }
              },
              "application/json": {
                "schema": {
                  "$ref": "#/components/schemas/ProblemDetails"
                }
              },
              "text/json": {
                "schema": {
                  "$ref": "#/components/schemas/ProblemDetails"
                }
              }
            }
          }
        }
      }
    },
    "/api/Promotion": {
      "post": {
        "tags": [
          "Promotion"
        ],
        "requestBody": {
          "content": {
            "application/json-patch+json": {
              "schema": {
                "$ref": "#/components/schemas/CreatePromotionCommand"
              }
            },
            "application/json": {
              "schema": {
                "$ref": "#/components/schemas/CreatePromotionCommand"
              }
            },
            "text/json": {
              "schema": {
                "$ref": "#/components/schemas/CreatePromotionCommand"
              }
            },
            "application/*+json": {
              "schema": {
                "$ref": "#/components/schemas/CreatePromotionCommand"
              }
            }
          }
        },
        "responses": {
          "200": {
            "description": "Success",
            "content": {
              "text/plain": {
                "schema": {
                  "type": "integer",
                  "format": "int32"
                }
              },
              "application/json": {
                "schema": {
                  "type": "integer",
                  "format": "int32"
                }
              },
              "text/json": {
                "schema": {
                  "type": "integer",
                  "format": "int32"
                }
              }
            }
          },
          "400": {
            "description": "Bad Request",
            "content": {
              "text/plain": {
                "schema": {
                  "$ref": "#/components/schemas/ValidationProblemDetails"
                }
              },
              "application/json": {
                "schema": {
                  "$ref": "#/components/schemas/ValidationProblemDetails"
                }
              },
              "text/json": {
                "schema": {
                  "$ref": "#/components/schemas/ValidationProblemDetails"
                }
              }
            }
          },
          "500": {
            "description": "Server Error",
            "content": {
              "text/plain": {
                "schema": {
                  "$ref": "#/components/schemas/ProblemDetails"
                }
              },
              "application/json": {
                "schema": {
                  "$ref": "#/components/schemas/ProblemDetails"
                }
              },
              "text/json": {
                "schema": {
                  "$ref": "#/components/schemas/ProblemDetails"
                }
              }
            }
          }
        }
      },
      "patch": {
        "tags": [
          "Promotion"
        ],
        "requestBody": {
          "content": {
            "application/json-patch+json": {
              "schema": {
                "$ref": "#/components/schemas/UpdatePromotionCommand"
              }
            },
            "application/json": {
              "schema": {
                "$ref": "#/components/schemas/UpdatePromotionCommand"
              }
            },
            "text/json": {
              "schema": {
                "$ref": "#/components/schemas/UpdatePromotionCommand"
              }
            },
            "application/*+json": {
              "schema": {
                "$ref": "#/components/schemas/UpdatePromotionCommand"
              }
            }
          }
        },
        "responses": {
          "200": {
            "description": "Success",
            "content": {
              "text/plain": {
                "schema": {
                  "type": "boolean"
                }
              },
              "application/json": {
                "schema": {
                  "type": "boolean"
                }
              },
              "text/json": {
                "schema": {
                  "type": "boolean"
                }
              }
            }
          },
          "400": {
            "description": "Bad Request",
            "content": {
              "text/plain": {
                "schema": {
                  "$ref": "#/components/schemas/ValidationProblemDetails"
                }
              },
              "application/json": {
                "schema": {
                  "$ref": "#/components/schemas/ValidationProblemDetails"
                }
              },
              "text/json": {
                "schema": {
                  "$ref": "#/components/schemas/ValidationProblemDetails"
                }
              }
            }
          },
          "500": {
            "description": "Server Error",
            "content": {
              "text/plain": {
                "schema": {
                  "$ref": "#/components/schemas/ProblemDetails"
                }
              },
              "application/json": {
                "schema": {
                  "$ref": "#/components/schemas/ProblemDetails"
                }
              },
              "text/json": {
                "schema": {
                  "$ref": "#/components/schemas/ProblemDetails"
                }
              }
            }
          }
        }
      }
    },
    "/api/Promotion/GetPromotion": {
      "get": {
        "tags": [
          "Promotion"
        ],
        "parameters": [
          {
            "name": "PageIndex",
            "in": "query",
            "schema": {
              "type": "integer",
              "format": "int32"
            }
          },
          {
            "name": "PageSize",
            "in": "query",
            "schema": {
              "type": "integer",
              "format": "int32"
            }
          },
          {
            "name": "sortable.SortBy",
            "in": "query",
            "schema": {
              "type": "string"
            }
          },
          {
            "name": "sortable.SortOrder",
            "in": "query",
            "schema": {
              "pattern": "(^$)|(asc|desc)",
              "type": "string"
            }
          }
        ],
        "responses": {
          "200": {
            "description": "Success",
            "content": {
              "text/plain": {
                "schema": {
                  "$ref": "#/components/schemas/PromotionModelPaginatedList"
                }
              },
              "application/json": {
                "schema": {
                  "$ref": "#/components/schemas/PromotionModelPaginatedList"
                }
              },
              "text/json": {
                "schema": {
                  "$ref": "#/components/schemas/PromotionModelPaginatedList"
                }
              }
            }
          },
          "400": {
            "description": "Bad Request",
            "content": {
              "text/plain": {
                "schema": {
                  "$ref": "#/components/schemas/ValidationProblemDetails"
                }
              },
              "application/json": {
                "schema": {
                  "$ref": "#/components/schemas/ValidationProblemDetails"
                }
              },
              "text/json": {
                "schema": {
                  "$ref": "#/components/schemas/ValidationProblemDetails"
                }
              }
            }
          },
          "500": {
            "description": "Server Error",
            "content": {
              "text/plain": {
                "schema": {
                  "$ref": "#/components/schemas/ProblemDetails"
                }
              },
              "application/json": {
                "schema": {
                  "$ref": "#/components/schemas/ProblemDetails"
                }
              },
              "text/json": {
                "schema": {
                  "$ref": "#/components/schemas/ProblemDetails"
                }
              }
            }
          }
        }
      }
    },
    "/api/Promotion/GetById": {
      "get": {
        "tags": [
          "Promotion"
        ],
        "parameters": [
          {
            "name": "PromotionId",
            "in": "query",
            "schema": {
              "type": "integer",
              "format": "int32"
            }
          }
        ],
        "responses": {
          "200": {
            "description": "Success",
            "content": {
              "text/plain": {
                "schema": {
                  "$ref": "#/components/schemas/PromotionModel"
                }
              },
              "application/json": {
                "schema": {
                  "$ref": "#/components/schemas/PromotionModel"
                }
              },
              "text/json": {
                "schema": {
                  "$ref": "#/components/schemas/PromotionModel"
                }
              }
            }
          },
          "400": {
            "description": "Bad Request",
            "content": {
              "text/plain": {
                "schema": {
                  "$ref": "#/components/schemas/ValidationProblemDetails"
                }
              },
              "application/json": {
                "schema": {
                  "$ref": "#/components/schemas/ValidationProblemDetails"
                }
              },
              "text/json": {
                "schema": {
                  "$ref": "#/components/schemas/ValidationProblemDetails"
                }
              }
            }
          },
          "500": {
            "description": "Server Error",
            "content": {
              "text/plain": {
                "schema": {
                  "$ref": "#/components/schemas/ProblemDetails"
                }
              },
              "application/json": {
                "schema": {
                  "$ref": "#/components/schemas/ProblemDetails"
                }
              },
              "text/json": {
                "schema": {
                  "$ref": "#/components/schemas/ProblemDetails"
                }
              }
            }
          }
        }
      }
    }
  },
  "components": {
    "schemas": {
      "CashBackCriteria": {
        "type": "object",
        "properties": {
          "createdOn": {
            "type": "string",
            "format": "date-time",
            "nullable": true
          },
          "isActive": {
            "type": "boolean"
          },
          "createdBy": {
            "type": "integer",
            "format": "int32"
          },
          "updatedOn": {
            "type": "string",
            "format": "date-time",
            "nullable": true
          },
          "updatedBy": {
            "type": "integer",
            "format": "int32"
          },
          "cashBackCriteriaId": {
            "type": "integer",
            "format": "int32"
          },
          "cashBackEventId": {
            "type": "integer",
            "format": "int32"
          },
          "criteriaName": {
            "type": "string",
            "nullable": true
          },
          "description": {
            "type": "string",
            "nullable": true
          },
          "hasValue": {
            "type": "boolean"
          },
          "valueType": {
            "type": "string",
            "nullable": true
          }
        },
        "additionalProperties": false
      },
      "CashBackEvent": {
        "type": "object",
        "properties": {
          "createdOn": {
            "type": "string",
            "format": "date-time",
            "nullable": true
          },
          "isActive": {
            "type": "boolean"
          },
          "createdBy": {
            "type": "integer",
            "format": "int32"
          },
          "updatedOn": {
            "type": "string",
            "format": "date-time",
            "nullable": true
          },
          "updatedBy": {
            "type": "integer",
            "format": "int32"
          },
          "cashBackEventId": {
            "type": "integer",
            "format": "int32"
          },
          "creditTypeId": {
            "type": "integer",
            "format": "int32"
          },
          "eventName": {
            "type": "string",
            "nullable": true
          },
          "description": {
            "type": "string",
            "nullable": true
          }
        },
        "additionalProperties": false
      },
      "CashBackRuleModel": {
        "type": "object",
        "properties": {
          "cashBackEventId": {
            "type": "integer",
            "format": "int32"
          },
          "eventName": {
            "type": "string",
            "nullable": true
          },
          "cashBackCriteriaId": {
            "type": "integer",
            "format": "int32"
          },
          "creditTypeId": {
            "type": "integer",
            "format": "int32"
          },
          "creditType": {
            "type": "string",
            "nullable": true
          },
          "criteriaName": {
            "type": "string",
            "nullable": true
          },
          "criteria": {
            "type": "string",
            "nullable": true
          },
          "isPercentage": {
            "type": "boolean"
          },
          "value": {
            "type": "number",
            "format": "double"
          },
          "description": {
            "type": "string",
            "nullable": true
          },
          "displayOrder": {
            "type": "integer",
            "format": "int32"
          },
          "expireDays": {
            "type": "integer",
            "format": "int32"
          },
          "startDate": {
            "type": "string",
            "format": "date-time",
            "nullable": true
          },
          "endDate": {
            "type": "string",
            "format": "date-time",
            "nullable": true
          }
        },
        "additionalProperties": false
      },
      "CashBackRuleModelResponseList": {
        "type": "object",
        "properties": {
          "data": {
            "type": "array",
            "items": {
              "$ref": "#/components/schemas/CashBackRuleModel"
            },
            "nullable": true
          }
        },
        "additionalProperties": false
      },
      "CreateLoyaltyCommand": {
        "type": "object",
        "properties": {
          "cashBackEventId": {
            "type": "integer",
            "format": "int32"
          },
          "cashBackCriteriaId": {
            "type": "integer",
            "format": "int32"
          },
          "criteria": {
            "type": "string",
            "nullable": true
          },
          "isPercentage": {
            "type": "boolean"
          },
          "value": {
            "type": "number",
            "format": "double"
          },
          "expireDays": {
            "type": "integer",
            "format": "int32"
          },
          "description": {
            "type": "string",
            "nullable": true
          },
          "displayOrder": {
            "type": "integer",
            "format": "int32"
          }
        },
        "additionalProperties": false
      },
      "CreateOfferCommand": {
        "required": [
          "companyId",
          "endDate",
          "offerDeal",
          "region",
          "startDate",
          "store",
          "storeId"
        ],
        "type": "object",
        "properties": {
          "companyId": {
            "type": "integer",
            "format": "int32"
          },
          "region": {
            "type": "integer",
            "format": "int32"
          },
          "storeId": {
            "type": "integer",
            "format": "int32"
          },
          "store": {
            "type": "string"
          },
          "startDate": {
            "type": "string",
            "format": "date-time"
          },
          "endDate": {
            "type": "string",
            "format": "date-time"
          },
          "offerDeal": {
            "type": "string"
          },
          "upcCode": {
            "type": "string",
            "nullable": true
          },
          "description": {
            "type": "string",
            "nullable": true
          },
          "imageUrl": {
            "type": "string",
            "nullable": true
          },
          "qrCode": {
            "type": "boolean"
          },
          "singleUse": {
            "type": "boolean"
          }
        },
        "additionalProperties": false
      },
      "CreatePromotionCommand": {
        "type": "object",
        "properties": {
          "cashBackEventId": {
            "type": "integer",
            "format": "int32"
          },
          "cashBackCriteriaId": {
            "type": "integer",
            "format": "int32"
          },
          "criteria": {
            "type": "string",
            "nullable": true
          },
          "isPercentage": {
            "type": "boolean"
          },
          "value": {
            "type": "number",
            "format": "double"
          },
          "startDate": {
            "type": "string",
            "format": "date-time"
          },
          "endDate": {
            "type": "string",
            "format": "date-time"
          },
          "description": {
            "type": "string",
            "nullable": true
          },
          "displayOrder": {
            "type": "integer",
            "format": "int32"
          }
        },
        "additionalProperties": false
      },
      "CreditType": {
        "enum": [
          "None",
          "Loyalty",
          "Promotion",
          "LinkUserTransfer",
          "AdminCredit"
        ],
        "type": "string"
      },
      "LoyaltyModel": {
        "type": "object",
        "properties": {
          "loyaltyId": {
            "type": "integer",
            "format": "int32"
          },
          "cashBackEventId": {
            "type": "integer",
            "format": "int32"
          },
          "cashBackCriteriaId": {
            "type": "integer",
            "format": "int32"
          },
          "criteria": {
            "type": "string",
            "nullable": true
          },
          "isPercentage": {
            "type": "boolean"
          },
          "value": {
            "type": "number",
            "format": "double"
          },
          "expireDays": {
            "type": "integer",
            "format": "int32"
          },
          "isActive": {
            "type": "boolean"
          },
          "eventName": {
            "type": "string",
            "nullable": true
          },
          "criteriaName": {
            "type": "string",
            "nullable": true
          },
          "description": {
            "type": "string",
            "nullable": true
          },
          "displayOrder": {
            "type": "integer",
            "format": "int32"
          }
        },
        "additionalProperties": false
      },
      "LoyaltyModelPaginatedList": {
        "type": "object",
        "properties": {
          "pageIndex": {
            "type": "integer",
            "format": "int32"
          },
          "pageSize": {
            "type": "integer",
            "format": "int32"
          },
          "totalCount": {
            "type": "integer",
            "format": "int32"
          },
          "totalPages": {
            "type": "integer",
            "format": "int32",
            "readOnly": true
          },
          "data": {
            "type": "array",
            "items": {
              "$ref": "#/components/schemas/LoyaltyModel"
            },
            "nullable": true
          },
          "hasPreviousPage": {
            "type": "boolean",
            "readOnly": true
          },
          "hasNextPage": {
            "type": "boolean",
            "readOnly": true
          }
        },
        "additionalProperties": false
      },
      "OfferModel": {
        "type": "object",
        "properties": {
          "offerId": {
            "type": "integer",
            "format": "int32"
          },
          "companyId": {
            "type": "integer",
            "format": "int32"
          },
          "region": {
            "type": "integer",
            "format": "int32"
          },
          "storeId": {
            "type": "integer",
            "format": "int32"
          },
          "store": {
            "type": "string",
            "nullable": true
          },
          "startDate": {
            "type": "string",
            "format": "date-time"
          },
          "endDate": {
            "type": "string",
            "format": "date-time"
          },
          "offerDeal": {
            "type": "string",
            "nullable": true
          },
          "upcCode": {
            "type": "string",
            "nullable": true
          },
          "description": {
            "type": "string",
            "nullable": true
          },
          "imageUrl": {
            "type": "string",
            "nullable": true
          },
          "qrCode": {
            "type": "boolean"
          },
          "singleUse": {
            "type": "boolean"
          }
        },
        "additionalProperties": false
      },
      "OfferModelPaginatedList": {
        "type": "object",
        "properties": {
          "pageIndex": {
            "type": "integer",
            "format": "int32"
          },
          "pageSize": {
            "type": "integer",
            "format": "int32"
          },
          "totalCount": {
            "type": "integer",
            "format": "int32"
          },
          "totalPages": {
            "type": "integer",
            "format": "int32",
            "readOnly": true
          },
          "data": {
            "type": "array",
            "items": {
              "$ref": "#/components/schemas/OfferModel"
            },
            "nullable": true
          },
          "hasPreviousPage": {
            "type": "boolean",
            "readOnly": true
          },
          "hasNextPage": {
            "type": "boolean",
            "readOnly": true
          }
        },
        "additionalProperties": false
      },
      "OfferModelResponseList": {
        "type": "object",
        "properties": {
          "data": {
            "type": "array",
            "items": {
              "$ref": "#/components/schemas/OfferModel"
            },
            "nullable": true
          }
        },
        "additionalProperties": false
      },
      "ProblemDetails": {
        "type": "object",
        "properties": {
          "type": {
            "type": "string",
            "nullable": true
          },
          "title": {
            "type": "string",
            "nullable": true
          },
          "status": {
            "type": "integer",
            "format": "int32",
            "nullable": true
          },
          "detail": {
            "type": "string",
            "nullable": true
          },
          "instance": {
            "type": "string",
            "nullable": true
          }
        },
        "additionalProperties": { }
      },
      "PromotionLoyaltyLogModel": {
        "type": "object",
        "properties": {
          "promotionLoyaltyLogId": {
            "type": "string",
            "format": "uuid"
          },
          "eventName": {
            "type": "string",
            "nullable": true
          },
          "eventModuleTypeId": {
            "type": "integer",
            "format": "int32"
          },
          "eventTypeId": {
            "type": "integer",
            "format": "int32"
          },
          "userId": {
            "type": "integer",
            "format": "int32"
          },
          "transactionAmount": {
            "type": "number",
            "format": "double",
            "nullable": true
          },
          "storeId": {
            "type": "integer",
            "format": "int32",
            "nullable": true
          },
          "transactionId": {
            "type": "integer",
            "format": "int64",
            "nullable": true
          },
          "transactionDesc": {
            "type": "string",
            "nullable": true
          },
          "transactionSequenceNo": {
            "type": "integer",
            "format": "int32",
            "nullable": true
          },
          "consentCashReward": {
            "type": "boolean",
            "nullable": true
          },
          "userPaymentMethodId": {
            "type": "integer",
            "format": "int32",
            "nullable": true
          },
          "paymentMethodId": {
            "type": "integer",
            "format": "int32",
            "nullable": true
          },
          "eventPayload": {
            "type": "string",
            "nullable": true
          },
          "isSuccess": {
            "type": "boolean"
          },
          "errorMessage": {
            "type": "string",
            "nullable": true
          },
          "createdOn": {
            "type": "string",
            "format": "date-time",
            "nullable": true
          }
        },
        "additionalProperties": false
      },
      "PromotionLoyaltyLogModelPaginatedList": {
        "type": "object",
        "properties": {
          "pageIndex": {
            "type": "integer",
            "format": "int32"
          },
          "pageSize": {
            "type": "integer",
            "format": "int32"
          },
          "totalCount": {
            "type": "integer",
            "format": "int32"
          },
          "totalPages": {
            "type": "integer",
            "format": "int32",
            "readOnly": true
          },
          "data": {
            "type": "array",
            "items": {
              "$ref": "#/components/schemas/PromotionLoyaltyLogModel"
            },
            "nullable": true
          },
          "hasPreviousPage": {
            "type": "boolean",
            "readOnly": true
          },
          "hasNextPage": {
            "type": "boolean",
            "readOnly": true
          }
        },
        "additionalProperties": false
      },
      "PromotionModel": {
        "type": "object",
        "properties": {
          "promotionId": {
            "type": "integer",
            "format": "int32"
          },
          "cashBackEventId": {
            "type": "integer",
            "format": "int32"
          },
          "cashBackCriteriaId": {
            "type": "integer",
            "format": "int32"
          },
          "criteria": {
            "type": "string",
            "nullable": true
          },
          "isPercentage": {
            "type": "boolean"
          },
          "value": {
            "type": "number",
            "format": "double"
          },
          "startDate": {
            "type": "string",
            "format": "date-time"
          },
          "endDate": {
            "type": "string",
            "format": "date-time"
          },
          "isActive": {
            "type": "boolean"
          },
          "eventName": {
            "type": "string",
            "nullable": true
          },
          "criteriaName": {
            "type": "string",
            "nullable": true
          },
          "description": {
            "type": "string",
            "nullable": true
          },
          "displayOrder": {
            "type": "integer",
            "format": "int32"
          }
        },
        "additionalProperties": false
      },
      "PromotionModelPaginatedList": {
        "type": "object",
        "properties": {
          "pageIndex": {
            "type": "integer",
            "format": "int32"
          },
          "pageSize": {
            "type": "integer",
            "format": "int32"
          },
          "totalCount": {
            "type": "integer",
            "format": "int32"
          },
          "totalPages": {
            "type": "integer",
            "format": "int32",
            "readOnly": true
          },
          "data": {
            "type": "array",
            "items": {
              "$ref": "#/components/schemas/PromotionModel"
            },
            "nullable": true
          },
          "hasPreviousPage": {
            "type": "boolean",
            "readOnly": true
          },
          "hasNextPage": {
            "type": "boolean",
            "readOnly": true
          }
        },
        "additionalProperties": false
      },
      "ResponseModel": {
        "type": "object",
        "properties": {
          "success": {
            "type": "boolean"
          },
          "message": {
            "type": "string",
            "nullable": true
          }
        },
        "additionalProperties": false
      },
      "RetryCashbackProcessCommand": {
        "type": "object",
        "properties": {
          "promotionLoyaltyLogIds": {
            "type": "array",
            "items": {
              "type": "string",
              "format": "uuid"
            },
            "nullable": true
          }
        },
        "additionalProperties": false
      },
      "UpdateLoyaltyCommand": {
        "type": "object",
        "properties": {
          "loyaltyId": {
            "type": "integer",
            "format": "int32"
          },
          "cashBackEventId": {
            "type": "integer",
            "format": "int32"
          },
          "cashBackCriteriaId": {
            "type": "integer",
            "format": "int32"
          },
          "criteria": {
            "type": "string",
            "nullable": true
          },
          "isPercentage": {
            "type": "boolean"
          },
          "value": {
            "type": "number",
            "format": "double"
          },
          "expireDays": {
            "type": "integer",
            "format": "int32"
          },
          "description": {
            "type": "string",
            "nullable": true
          },
          "displayOrder": {
            "type": "integer",
            "format": "int32"
          }
        },
        "additionalProperties": false
      },
      "UpdateOfferCommand": {
        "required": [
          "companyId",
          "endDate",
          "offerDeal",
          "offerId",
          "region",
          "startDate",
          "store",
          "storeId"
        ],
        "type": "object",
        "properties": {
          "offerId": {
            "type": "integer",
            "format": "int32"
          },
          "companyId": {
            "type": "integer",
            "format": "int32"
          },
          "region": {
            "type": "integer",
            "format": "int32"
          },
          "storeId": {
            "type": "integer",
            "format": "int32"
          },
          "store": {
            "type": "string"
          },
          "startDate": {
            "type": "string",
            "format": "date-time"
          },
          "endDate": {
            "type": "string",
            "format": "date-time"
          },
          "offerDeal": {
            "type": "string"
          },
          "upcCode": {
            "type": "string",
            "nullable": true
          },
          "description": {
            "type": "string",
            "nullable": true
          },
          "imageUrl": {
            "type": "string",
            "nullable": true
          },
          "qrCode": {
            "type": "boolean"
          },
          "singleUse": {
            "type": "boolean"
          },
          "isActive": {
            "type": "boolean"
          },
          "changeImageUrl": {
            "type": "boolean"
          }
        },
        "additionalProperties": false
      },
      "UpdatePromotionCommand": {
        "type": "object",
        "properties": {
          "promotionId": {
            "type": "integer",
            "format": "int32"
          },
          "cashBackEventId": {
            "type": "integer",
            "format": "int32"
          },
          "cashBackCriteriaId": {
            "type": "integer",
            "format": "int32"
          },
          "criteria": {
            "type": "string",
            "nullable": true
          },
          "isPercentage": {
            "type": "boolean"
          },
          "value": {
            "type": "number",
            "format": "double"
          },
          "startDate": {
            "type": "string",
            "format": "date-time"
          },
          "endDate": {
            "type": "string",
            "format": "date-time"
          },
          "description": {
            "type": "string",
            "nullable": true
          },
          "displayOrder": {
            "type": "integer",
            "format": "int32"
          }
        },
        "additionalProperties": false
      },
      "ValidationProblemDetails": {
        "type": "object",
        "properties": {
          "type": {
            "type": "string",
            "nullable": true
          },
          "title": {
            "type": "string",
            "nullable": true
          },
          "status": {
            "type": "integer",
            "format": "int32",
            "nullable": true
          },
          "detail": {
            "type": "string",
            "nullable": true
          },
          "instance": {
            "type": "string",
            "nullable": true
          },
          "errors": {
            "type": "object",
            "additionalProperties": {
              "type": "array",
              "items": {
                "type": "string"
              }
            },
            "nullable": true
          }
        },
        "additionalProperties": { }
      }
    },
    "securitySchemes": {
      "Bearer": {
        "type": "apiKey",
        "description": "Please insert JWT with Bearer into field",
        "name": "Authorization",
        "in": "header"
      }
    }
  },
  "security": [
    {
      "Bearer": [
        "Bearer"
      ]
    }
  ]
}