{
  "openapi": "3.0.1",
  "info": {
    "title": "Notifications Api",
    "description": "The Notifications Microservice HTTP API.",
    "version": "v1"
  },
  "paths": {
    "/api/Notifications/CreateCaseForGuestUser": {
      "post": {
        "tags": [
          "Notifications"
        ],
        "summary": "Api to Create Case For Guest User",
        "requestBody": {
          "description": "",
          "content": {
            "application/json-patch+json": {
              "schema": {
                "$ref": "#/components/schemas/GuestUserNotificationCommand"
              }
            },
            "application/json": {
              "schema": {
                "$ref": "#/components/schemas/GuestUserNotificationCommand"
              }
            },
            "text/json": {
              "schema": {
                "$ref": "#/components/schemas/GuestUserNotificationCommand"
              }
            },
            "application/*+json": {
              "schema": {
                "$ref": "#/components/schemas/GuestUserNotificationCommand"
              }
            }
          }
        },
        "responses": {
          "200": {
            "description": "Success",
            "content": {
              "text/plain": {
                "schema": {
                  "$ref": "#/components/schemas/ResponseModel"
                }
              },
              "application/json": {
                "schema": {
                  "$ref": "#/components/schemas/ResponseModel"
                }
              },
              "text/json": {
                "schema": {
                  "$ref": "#/components/schemas/ResponseModel"
                }
              }
            }
          },
          "400": {
            "description": "Bad Request",
            "content": {
              "text/plain": {
                "schema": {
                  "$ref": "#/components/schemas/ValidationProblemDetails"
                }
              },
              "application/json": {
                "schema": {
                  "$ref": "#/components/schemas/ValidationProblemDetails"
                }
              },
              "text/json": {
                "schema": {
                  "$ref": "#/components/schemas/ValidationProblemDetails"
                }
              }
            }
          },
          "500": {
            "description": "Server Error",
            "content": {
              "text/plain": {
                "schema": {
                  "$ref": "#/components/schemas/ProblemDetails"
                }
              },
              "application/json": {
                "schema": {
                  "$ref": "#/components/schemas/ProblemDetails"
                }
              },
              "text/json": {
                "schema": {
                  "$ref": "#/components/schemas/ProblemDetails"
                }
              }
            }
          }
        }
      }
    },
    "/api/Notifications/ReportIssue": {
      "post": {
        "tags": [
          "Notifications"
        ],
        "summary": "Api to Report an Issue to Support Team",
        "requestBody": {
          "content": {
            "multipart/form-data": {
              "schema": {
                "type": "object",
                "properties": {
                  "Email": {
                    "type": "string"
                  },
                  "UserName": {
                    "type": "string"
                  },
                  "UserId": {
                    "type": "string"
                  },
                  "Subject": {
                    "type": "string"
                  },
                  "Body": {
                    "type": "string"
                  },
                  "ImageFileUrl": {
                    "type": "array",
                    "items": {
                      "type": "string",
                      "format": "binary"
                    }
                  },
                  "VedioFileUrl": {
                    "type": "string",
                    "format": "binary"
                  }
                }
              },
              "encoding": {
                "Email": {
                  "style": "form"
                },
                "UserName": {
                  "style": "form"
                },
                "UserId": {
                  "style": "form"
                },
                "Subject": {
                  "style": "form"
                },
                "Body": {
                  "style": "form"
                },
                "ImageFileUrl": {
                  "style": "form"
                },
                "VedioFileUrl": {
                  "style": "form"
                }
              }
            }
          }
        },
        "responses": {
          "200": {
            "description": "Success",
            "content": {
              "text/plain": {
                "schema": {
                  "$ref": "#/components/schemas/ResponseModel"
                }
              },
              "application/json": {
                "schema": {
                  "$ref": "#/components/schemas/ResponseModel"
                }
              },
              "text/json": {
                "schema": {
                  "$ref": "#/components/schemas/ResponseModel"
                }
              }
            }
          },
          "400": {
            "description": "Bad Request",
            "content": {
              "text/plain": {
                "schema": {
                  "$ref": "#/components/schemas/ValidationProblemDetails"
                }
              },
              "application/json": {
                "schema": {
                  "$ref": "#/components/schemas/ValidationProblemDetails"
                }
              },
              "text/json": {
                "schema": {
                  "$ref": "#/components/schemas/ValidationProblemDetails"
                }
              }
            }
          },
          "500": {
            "description": "Server Error",
            "content": {
              "text/plain": {
                "schema": {
                  "$ref": "#/components/schemas/ProblemDetails"
                }
              },
              "application/json": {
                "schema": {
                  "$ref": "#/components/schemas/ProblemDetails"
                }
              },
              "text/json": {
                "schema": {
                  "$ref": "#/components/schemas/ProblemDetails"
                }
              }
            }
          }
        }
      }
    },
    "/api/Notifications/GetNotificationType": {
      "get": {
        "tags": [
          "Notifications"
        ],
        "responses": {
          "200": {
            "description": "Success",
            "content": {
              "text/plain": {
                "schema": {
                  "$ref": "#/components/schemas/NotificationTypeModelResponseList"
                }
              },
              "application/json": {
                "schema": {
                  "$ref": "#/components/schemas/NotificationTypeModelResponseList"
                }
              },
              "text/json": {
                "schema": {
                  "$ref": "#/components/schemas/NotificationTypeModelResponseList"
                }
              }
            }
          },
          "400": {
            "description": "Bad Request",
            "content": {
              "text/plain": {
                "schema": {
                  "$ref": "#/components/schemas/ValidationProblemDetails"
                }
              },
              "application/json": {
                "schema": {
                  "$ref": "#/components/schemas/ValidationProblemDetails"
                }
              },
              "text/json": {
                "schema": {
                  "$ref": "#/components/schemas/ValidationProblemDetails"
                }
              }
            }
          },
          "500": {
            "description": "Server Error",
            "content": {
              "text/plain": {
                "schema": {
                  "$ref": "#/components/schemas/ProblemDetails"
                }
              },
              "application/json": {
                "schema": {
                  "$ref": "#/components/schemas/ProblemDetails"
                }
              },
              "text/json": {
                "schema": {
                  "$ref": "#/components/schemas/ProblemDetails"
                }
              }
            }
          }
        }
      }
    },
    "/api/Notifications": {
      "get": {
        "tags": [
          "Notifications"
        ],
        "parameters": [
          {
            "name": "UserId",
            "in": "query",
            "schema": {
              "type": "integer",
              "format": "int32"
            }
          },
          {
            "name": "PageIndex",
            "in": "query",
            "schema": {
              "type": "integer",
              "format": "int32"
            }
          },
          {
            "name": "PageSize",
            "in": "query",
            "schema": {
              "type": "integer",
              "format": "int32"
            }
          },
          {
            "name": "IsRead",
            "in": "query",
            "schema": {
              "type": "boolean"
            }
          }
        ],
        "responses": {
          "200": {
            "description": "Success",
            "content": {
              "text/plain": {
                "schema": {
                  "$ref": "#/components/schemas/NotificationRecipientModelPaginatedList"
                }
              },
              "application/json": {
                "schema": {
                  "$ref": "#/components/schemas/NotificationRecipientModelPaginatedList"
                }
              },
              "text/json": {
                "schema": {
                  "$ref": "#/components/schemas/NotificationRecipientModelPaginatedList"
                }
              }
            }
          },
          "400": {
            "description": "Bad Request",
            "content": {
              "text/plain": {
                "schema": {
                  "$ref": "#/components/schemas/ValidationProblemDetails"
                }
              },
              "application/json": {
                "schema": {
                  "$ref": "#/components/schemas/ValidationProblemDetails"
                }
              },
              "text/json": {
                "schema": {
                  "$ref": "#/components/schemas/ValidationProblemDetails"
                }
              }
            }
          },
          "500": {
            "description": "Server Error",
            "content": {
              "text/plain": {
                "schema": {
                  "$ref": "#/components/schemas/ProblemDetails"
                }
              },
              "application/json": {
                "schema": {
                  "$ref": "#/components/schemas/ProblemDetails"
                }
              },
              "text/json": {
                "schema": {
                  "$ref": "#/components/schemas/ProblemDetails"
                }
              }
            }
          }
        }
      }
    },
    "/api/Notifications/unread-count": {
      "get": {
        "tags": [
          "Notifications"
        ],
        "summary": "Api To get unread notification count",
        "parameters": [
          {
            "name": "UserId",
            "in": "query",
            "schema": {
              "type": "integer",
              "format": "int32"
            }
          }
        ],
        "responses": {
          "200": {
            "description": "Success",
            "content": {
              "text/plain": {
                "schema": {
                  "type": "integer",
                  "format": "int32"
                }
              },
              "application/json": {
                "schema": {
                  "type": "integer",
                  "format": "int32"
                }
              },
              "text/json": {
                "schema": {
                  "type": "integer",
                  "format": "int32"
                }
              }
            }
          },
          "400": {
            "description": "Bad Request",
            "content": {
              "text/plain": {
                "schema": {
                  "$ref": "#/components/schemas/ValidationProblemDetails"
                }
              },
              "application/json": {
                "schema": {
                  "$ref": "#/components/schemas/ValidationProblemDetails"
                }
              },
              "text/json": {
                "schema": {
                  "$ref": "#/components/schemas/ValidationProblemDetails"
                }
              }
            }
          },
          "500": {
            "description": "Server Error",
            "content": {
              "text/plain": {
                "schema": {
                  "$ref": "#/components/schemas/ProblemDetails"
                }
              },
              "application/json": {
                "schema": {
                  "$ref": "#/components/schemas/ProblemDetails"
                }
              },
              "text/json": {
                "schema": {
                  "$ref": "#/components/schemas/ProblemDetails"
                }
              }
            }
          }
        }
      }
    },
    "/api/Notifications/mark-read": {
      "post": {
        "tags": [
          "Notifications"
        ],
        "summary": "Api To Mark notification read",
        "requestBody": {
          "description": "",
          "content": {
            "application/json-patch+json": {
              "schema": {
                "$ref": "#/components/schemas/UpdateReadNotificationCommand"
              }
            },
            "application/json": {
              "schema": {
                "$ref": "#/components/schemas/UpdateReadNotificationCommand"
              }
            },
            "text/json": {
              "schema": {
                "$ref": "#/components/schemas/UpdateReadNotificationCommand"
              }
            },
            "application/*+json": {
              "schema": {
                "$ref": "#/components/schemas/UpdateReadNotificationCommand"
              }
            }
          }
        },
        "responses": {
          "200": {
            "description": "Success",
            "content": {
              "text/plain": {
                "schema": {
                  "$ref": "#/components/schemas/ResponseModel"
                }
              },
              "application/json": {
                "schema": {
                  "$ref": "#/components/schemas/ResponseModel"
                }
              },
              "text/json": {
                "schema": {
                  "$ref": "#/components/schemas/ResponseModel"
                }
              }
            }
          },
          "400": {
            "description": "Bad Request",
            "content": {
              "text/plain": {
                "schema": {
                  "$ref": "#/components/schemas/ValidationProblemDetails"
                }
              },
              "application/json": {
                "schema": {
                  "$ref": "#/components/schemas/ValidationProblemDetails"
                }
              },
              "text/json": {
                "schema": {
                  "$ref": "#/components/schemas/ValidationProblemDetails"
                }
              }
            }
          },
          "500": {
            "description": "Server Error",
            "content": {
              "text/plain": {
                "schema": {
                  "$ref": "#/components/schemas/ProblemDetails"
                }
              },
              "application/json": {
                "schema": {
                  "$ref": "#/components/schemas/ProblemDetails"
                }
              },
              "text/json": {
                "schema": {
                  "$ref": "#/components/schemas/ProblemDetails"
                }
              }
            }
          }
        }
      }
    },
    "/api/Notifications/SendPushNotification": {
      "post": {
        "tags": [
          "Notifications"
        ],
        "summary": "Api To send push notification",
        "requestBody": {
          "description": "",
          "content": {
            "application/json-patch+json": {
              "schema": {
                "$ref": "#/components/schemas/CreatePushNotificationCommand"
              }
            },
            "application/json": {
              "schema": {
                "$ref": "#/components/schemas/CreatePushNotificationCommand"
              }
            },
            "text/json": {
              "schema": {
                "$ref": "#/components/schemas/CreatePushNotificationCommand"
              }
            },
            "application/*+json": {
              "schema": {
                "$ref": "#/components/schemas/CreatePushNotificationCommand"
              }
            }
          }
        },
        "responses": {
          "200": {
            "description": "Success",
            "content": {
              "text/plain": {
                "schema": {
                  "$ref": "#/components/schemas/ResponseModel"
                }
              },
              "application/json": {
                "schema": {
                  "$ref": "#/components/schemas/ResponseModel"
                }
              },
              "text/json": {
                "schema": {
                  "$ref": "#/components/schemas/ResponseModel"
                }
              }
            }
          },
          "400": {
            "description": "Bad Request",
            "content": {
              "text/plain": {
                "schema": {
                  "$ref": "#/components/schemas/ValidationProblemDetails"
                }
              },
              "application/json": {
                "schema": {
                  "$ref": "#/components/schemas/ValidationProblemDetails"
                }
              },
              "text/json": {
                "schema": {
                  "$ref": "#/components/schemas/ValidationProblemDetails"
                }
              }
            }
          },
          "500": {
            "description": "Server Error",
            "content": {
              "text/plain": {
                "schema": {
                  "$ref": "#/components/schemas/ProblemDetails"
                }
              },
              "application/json": {
                "schema": {
                  "$ref": "#/components/schemas/ProblemDetails"
                }
              },
              "text/json": {
                "schema": {
                  "$ref": "#/components/schemas/ProblemDetails"
                }
              }
            }
          }
        }
      }
    },
    "/api/Notifications/SendOfferNotification": {
      "post": {
        "tags": [
          "Notifications"
        ],
        "summary": "Api To broad cast push notifications",
        "requestBody": {
          "description": "",
          "content": {
            "application/json-patch+json": {
              "schema": {
                "$ref": "#/components/schemas/SendBroadCastNotificationCommand"
              }
            },
            "application/json": {
              "schema": {
                "$ref": "#/components/schemas/SendBroadCastNotificationCommand"
              }
            },
            "text/json": {
              "schema": {
                "$ref": "#/components/schemas/SendBroadCastNotificationCommand"
              }
            },
            "application/*+json": {
              "schema": {
                "$ref": "#/components/schemas/SendBroadCastNotificationCommand"
              }
            }
          }
        },
        "responses": {
          "200": {
            "description": "Success",
            "content": {
              "text/plain": {
                "schema": {
                  "$ref": "#/components/schemas/ResponseModel"
                }
              },
              "application/json": {
                "schema": {
                  "$ref": "#/components/schemas/ResponseModel"
                }
              },
              "text/json": {
                "schema": {
                  "$ref": "#/components/schemas/ResponseModel"
                }
              }
            }
          },
          "400": {
            "description": "Bad Request",
            "content": {
              "text/plain": {
                "schema": {
                  "$ref": "#/components/schemas/ValidationProblemDetails"
                }
              },
              "application/json": {
                "schema": {
                  "$ref": "#/components/schemas/ValidationProblemDetails"
                }
              },
              "text/json": {
                "schema": {
                  "$ref": "#/components/schemas/ValidationProblemDetails"
                }
              }
            }
          },
          "500": {
            "description": "Server Error",
            "content": {
              "text/plain": {
                "schema": {
                  "$ref": "#/components/schemas/ProblemDetails"
                }
              },
              "application/json": {
                "schema": {
                  "$ref": "#/components/schemas/ProblemDetails"
                }
              },
              "text/json": {
                "schema": {
                  "$ref": "#/components/schemas/ProblemDetails"
                }
              }
            }
          }
        }
      }
    },
    "/api/Notifications/EmailNotification": {
      "post": {
        "tags": [
          "Notifications"
        ],
        "summary": "Api To Create Salesforce Case",
        "description": "Send NotificationConfigType 1 for HelpDesk and 2 for Admin",
        "requestBody": {
          "content": {
            "application/json-patch+json": {
              "schema": {
                "$ref": "#/components/schemas/SendEmailNotificationCommand"
              }
            },
            "application/json": {
              "schema": {
                "$ref": "#/components/schemas/SendEmailNotificationCommand"
              }
            },
            "text/json": {
              "schema": {
                "$ref": "#/components/schemas/SendEmailNotificationCommand"
              }
            },
            "application/*+json": {
              "schema": {
                "$ref": "#/components/schemas/SendEmailNotificationCommand"
              }
            }
          }
        },
        "responses": {
          "200": {
            "description": "Success",
            "content": {
              "text/plain": {
                "schema": {
                  "$ref": "#/components/schemas/ResponseModel"
                }
              },
              "application/json": {
                "schema": {
                  "$ref": "#/components/schemas/ResponseModel"
                }
              },
              "text/json": {
                "schema": {
                  "$ref": "#/components/schemas/ResponseModel"
                }
              }
            }
          },
          "400": {
            "description": "Bad Request",
            "content": {
              "text/plain": {
                "schema": {
                  "$ref": "#/components/schemas/ValidationProblemDetails"
                }
              },
              "application/json": {
                "schema": {
                  "$ref": "#/components/schemas/ValidationProblemDetails"
                }
              },
              "text/json": {
                "schema": {
                  "$ref": "#/components/schemas/ValidationProblemDetails"
                }
              }
            }
          },
          "500": {
            "description": "Server Error",
            "content": {
              "text/plain": {
                "schema": {
                  "$ref": "#/components/schemas/ProblemDetails"
                }
              },
              "application/json": {
                "schema": {
                  "$ref": "#/components/schemas/ProblemDetails"
                }
              },
              "text/json": {
                "schema": {
                  "$ref": "#/components/schemas/ProblemDetails"
                }
              }
            }
          }
        }
      }
    },
    "/api/Notifications/TextNotification": {
      "post": {
        "tags": [
          "Notifications"
        ],
        "requestBody": {
          "content": {
            "application/json-patch+json": {
              "schema": {
                "$ref": "#/components/schemas/TextNotificationCommand"
              }
            },
            "application/json": {
              "schema": {
                "$ref": "#/components/schemas/TextNotificationCommand"
              }
            },
            "text/json": {
              "schema": {
                "$ref": "#/components/schemas/TextNotificationCommand"
              }
            },
            "application/*+json": {
              "schema": {
                "$ref": "#/components/schemas/TextNotificationCommand"
              }
            }
          }
        },
        "responses": {
          "200": {
            "description": "Success",
            "content": {
              "text/plain": {
                "schema": {
                  "$ref": "#/components/schemas/ResponseModel"
                }
              },
              "application/json": {
                "schema": {
                  "$ref": "#/components/schemas/ResponseModel"
                }
              },
              "text/json": {
                "schema": {
                  "$ref": "#/components/schemas/ResponseModel"
                }
              }
            }
          },
          "400": {
            "description": "Bad Request",
            "content": {
              "text/plain": {
                "schema": {
                  "$ref": "#/components/schemas/ValidationProblemDetails"
                }
              },
              "application/json": {
                "schema": {
                  "$ref": "#/components/schemas/ValidationProblemDetails"
                }
              },
              "text/json": {
                "schema": {
                  "$ref": "#/components/schemas/ValidationProblemDetails"
                }
              }
            }
          },
          "500": {
            "description": "Server Error",
            "content": {
              "text/plain": {
                "schema": {
                  "$ref": "#/components/schemas/ProblemDetails"
                }
              },
              "application/json": {
                "schema": {
                  "$ref": "#/components/schemas/ProblemDetails"
                }
              },
              "text/json": {
                "schema": {
                  "$ref": "#/components/schemas/ProblemDetails"
                }
              }
            }
          }
        }
      }
    },
    "/api/Notifications/UpdateEmailBanner": {
      "post": {
        "tags": [
          "Notifications"
        ],
        "summary": "Api to update banner image from helpsupport",
        "requestBody": {
          "description": "",
          "content": {
            "application/json-patch+json": {
              "schema": {
                "$ref": "#/components/schemas/UpdateEmailBannerCommand"
              }
            },
            "application/json": {
              "schema": {
                "$ref": "#/components/schemas/UpdateEmailBannerCommand"
              }
            },
            "text/json": {
              "schema": {
                "$ref": "#/components/schemas/UpdateEmailBannerCommand"
              }
            },
            "application/*+json": {
              "schema": {
                "$ref": "#/components/schemas/UpdateEmailBannerCommand"
              }
            }
          }
        },
        "responses": {
          "200": {
            "description": "Success",
            "content": {
              "text/plain": {
                "schema": {
                  "$ref": "#/components/schemas/ResponseModel"
                }
              },
              "application/json": {
                "schema": {
                  "$ref": "#/components/schemas/ResponseModel"
                }
              },
              "text/json": {
                "schema": {
                  "$ref": "#/components/schemas/ResponseModel"
                }
              }
            }
          },
          "400": {
            "description": "Bad Request",
            "content": {
              "text/plain": {
                "schema": {
                  "$ref": "#/components/schemas/ValidationProblemDetails"
                }
              },
              "application/json": {
                "schema": {
                  "$ref": "#/components/schemas/ValidationProblemDetails"
                }
              },
              "text/json": {
                "schema": {
                  "$ref": "#/components/schemas/ValidationProblemDetails"
                }
              }
            }
          },
          "500": {
            "description": "Server Error",
            "content": {
              "text/plain": {
                "schema": {
                  "$ref": "#/components/schemas/ProblemDetails"
                }
              },
              "application/json": {
                "schema": {
                  "$ref": "#/components/schemas/ProblemDetails"
                }
              },
              "text/json": {
                "schema": {
                  "$ref": "#/components/schemas/ProblemDetails"
                }
              }
            }
          }
        }
      }
    },
    "/api/Notifications/UpdateNotificationType": {
      "post": {
        "tags": [
          "Notifications"
        ],
        "requestBody": {
          "content": {
            "application/json-patch+json": {
              "schema": {
                "$ref": "#/components/schemas/UpdateNotificationTypeCommand"
              }
            },
            "application/json": {
              "schema": {
                "$ref": "#/components/schemas/UpdateNotificationTypeCommand"
              }
            },
            "text/json": {
              "schema": {
                "$ref": "#/components/schemas/UpdateNotificationTypeCommand"
              }
            },
            "application/*+json": {
              "schema": {
                "$ref": "#/components/schemas/UpdateNotificationTypeCommand"
              }
            }
          }
        },
        "responses": {
          "200": {
            "description": "Success",
            "content": {
              "text/plain": {
                "schema": {
                  "$ref": "#/components/schemas/ResponseModel"
                }
              },
              "application/json": {
                "schema": {
                  "$ref": "#/components/schemas/ResponseModel"
                }
              },
              "text/json": {
                "schema": {
                  "$ref": "#/components/schemas/ResponseModel"
                }
              }
            }
          },
          "400": {
            "description": "Bad Request",
            "content": {
              "text/plain": {
                "schema": {
                  "$ref": "#/components/schemas/ValidationProblemDetails"
                }
              },
              "application/json": {
                "schema": {
                  "$ref": "#/components/schemas/ValidationProblemDetails"
                }
              },
              "text/json": {
                "schema": {
                  "$ref": "#/components/schemas/ValidationProblemDetails"
                }
              }
            }
          },
          "500": {
            "description": "Server Error",
            "content": {
              "text/plain": {
                "schema": {
                  "$ref": "#/components/schemas/ProblemDetails"
                }
              },
              "application/json": {
                "schema": {
                  "$ref": "#/components/schemas/ProblemDetails"
                }
              },
              "text/json": {
                "schema": {
                  "$ref": "#/components/schemas/ProblemDetails"
                }
              }
            }
          }
        }
      }
    },
    "/api/UserNotificationConfigration/{userId}": {
      "get": {
        "tags": [
          "UserNotificationConfigration"
        ],
        "parameters": [
          {
            "name": "userId",
            "in": "path",
            "required": true,
            "schema": {
              "type": "integer",
              "format": "int32"
            }
          }
        ],
        "responses": {
          "200": {
            "description": "Success",
            "content": {
              "text/plain": {
                "schema": {
                  "$ref": "#/components/schemas/UserNotificationConfigrationModel"
                }
              },
              "application/json": {
                "schema": {
                  "$ref": "#/components/schemas/UserNotificationConfigrationModel"
                }
              },
              "text/json": {
                "schema": {
                  "$ref": "#/components/schemas/UserNotificationConfigrationModel"
                }
              }
            }
          },
          "400": {
            "description": "Bad Request",
            "content": {
              "text/plain": {
                "schema": {
                  "$ref": "#/components/schemas/ValidationProblemDetails"
                }
              },
              "application/json": {
                "schema": {
                  "$ref": "#/components/schemas/ValidationProblemDetails"
                }
              },
              "text/json": {
                "schema": {
                  "$ref": "#/components/schemas/ValidationProblemDetails"
                }
              }
            }
          },
          "500": {
            "description": "Server Error",
            "content": {
              "text/plain": {
                "schema": {
                  "$ref": "#/components/schemas/ProblemDetails"
                }
              },
              "application/json": {
                "schema": {
                  "$ref": "#/components/schemas/ProblemDetails"
                }
              },
              "text/json": {
                "schema": {
                  "$ref": "#/components/schemas/ProblemDetails"
                }
              }
            }
          }
        }
      }
    },
    "/api/UserNotificationConfigration": {
      "post": {
        "tags": [
          "UserNotificationConfigration"
        ],
        "requestBody": {
          "content": {
            "application/json-patch+json": {
              "schema": {
                "$ref": "#/components/schemas/UserNotificationConfigrationCommand"
              }
            },
            "application/json": {
              "schema": {
                "$ref": "#/components/schemas/UserNotificationConfigrationCommand"
              }
            },
            "text/json": {
              "schema": {
                "$ref": "#/components/schemas/UserNotificationConfigrationCommand"
              }
            },
            "application/*+json": {
              "schema": {
                "$ref": "#/components/schemas/UserNotificationConfigrationCommand"
              }
            }
          }
        },
        "responses": {
          "200": {
            "description": "Success",
            "content": {
              "text/plain": {
                "schema": {
                  "$ref": "#/components/schemas/ResponseModel"
                }
              },
              "application/json": {
                "schema": {
                  "$ref": "#/components/schemas/ResponseModel"
                }
              },
              "text/json": {
                "schema": {
                  "$ref": "#/components/schemas/ResponseModel"
                }
              }
            }
          },
          "400": {
            "description": "Bad Request",
            "content": {
              "text/plain": {
                "schema": {
                  "$ref": "#/components/schemas/ValidationProblemDetails"
                }
              },
              "application/json": {
                "schema": {
                  "$ref": "#/components/schemas/ValidationProblemDetails"
                }
              },
              "text/json": {
                "schema": {
                  "$ref": "#/components/schemas/ValidationProblemDetails"
                }
              }
            }
          },
          "500": {
            "description": "Server Error",
            "content": {
              "text/plain": {
                "schema": {
                  "$ref": "#/components/schemas/ProblemDetails"
                }
              },
              "application/json": {
                "schema": {
                  "$ref": "#/components/schemas/ProblemDetails"
                }
              },
              "text/json": {
                "schema": {
                  "$ref": "#/components/schemas/ProblemDetails"
                }
              }
            }
          }
        }
      }
    }
  },
  "components": {
    "schemas": {
      "CreatePushNotificationCommand": {
        "type": "object",
        "properties": {
          "deviceToken": {
            "type": "string",
            "nullable": true
          },
          "title": {
            "type": "string",
            "nullable": true
          },
          "body": {
            "type": "string",
            "nullable": true
          },
          "deviceTypeId": {
            "type": "integer",
            "format": "int32"
          }
        },
        "additionalProperties": false
      },
      "GuestUserNotificationCommand": {
        "type": "object",
        "properties": {
          "userName": {
            "type": "string",
            "nullable": true
          },
          "mobileNumber": {
            "type": "string",
            "nullable": true
          },
          "email": {
            "type": "string",
            "nullable": true
          },
          "description": {
            "type": "string",
            "nullable": true
          },
          "notificationConfigType": {
            "$ref": "#/components/schemas/NotificationConfigType"
          },
          "subject": {
            "type": "string",
            "nullable": true
          },
          "body": {
            "type": "string",
            "nullable": true
          }
        },
        "additionalProperties": false
      },
      "NotificationConfigType": {
        "enum": [
          0,
          1,
          2,
          3
        ],
        "type": "integer",
        "format": "int32"
      },
      "NotificationRecipientModel": {
        "type": "object",
        "properties": {
          "notificationRecipientId": {
            "type": "integer",
            "format": "int32"
          },
          "userId": {
            "type": "integer",
            "format": "int32",
            "nullable": true
          },
          "storeId": {
            "type": "integer",
            "format": "int32",
            "nullable": true
          },
          "displayMessage": {
            "type": "string",
            "nullable": true
          },
          "isRead": {
            "type": "boolean"
          },
          "readDate": {
            "type": "string",
            "format": "date-time",
            "nullable": true
          },
          "eventId": {
            "type": "string",
            "nullable": true
          },
          "eventIdentifierName": {
            "type": "string",
            "nullable": true
          },
          "jsonData": {
            "type": "string",
            "nullable": true
          },
          "notificationTypeId": {
            "type": "integer",
            "format": "int32"
          },
          "createdOn": {
            "type": "string",
            "format": "date-time",
            "nullable": true
          },
          "displayMessageES": {
            "type": "string",
            "nullable": true
          }
        },
        "additionalProperties": false
      },
      "NotificationRecipientModelPaginatedList": {
        "type": "object",
        "properties": {
          "pageIndex": {
            "type": "integer",
            "format": "int32"
          },
          "pageSize": {
            "type": "integer",
            "format": "int32"
          },
          "totalCount": {
            "type": "integer",
            "format": "int32"
          },
          "totalPages": {
            "type": "integer",
            "format": "int32",
            "readOnly": true
          },
          "data": {
            "type": "array",
            "items": {
              "$ref": "#/components/schemas/NotificationRecipientModel"
            },
            "nullable": true
          },
          "hasPreviousPage": {
            "type": "boolean",
            "readOnly": true
          },
          "hasNextPage": {
            "type": "boolean",
            "readOnly": true
          }
        },
        "additionalProperties": false
      },
      "NotificationTypeModel": {
        "type": "object",
        "properties": {
          "notificationTypeId": {
            "type": "integer",
            "format": "int32"
          },
          "notificationTypeIdentifier": {
            "type": "string",
            "nullable": true
          },
          "notificationTypeName": {
            "type": "string",
            "nullable": true
          },
          "displayTemplate": {
            "type": "string",
            "nullable": true
          },
          "smsTemplate": {
            "type": "string",
            "nullable": true
          },
          "emailSubject": {
            "type": "string",
            "nullable": true
          },
          "pushNotificationTemplate": {
            "type": "string",
            "nullable": true
          },
          "displayTemplateES": {
            "type": "string",
            "nullable": true
          },
          "emailSubjectES": {
            "type": "string",
            "nullable": true
          },
          "pushNotificationTemplateES": {
            "type": "string",
            "nullable": true
          }
        },
        "additionalProperties": false
      },
      "NotificationTypeModelResponseList": {
        "type": "object",
        "properties": {
          "data": {
            "type": "array",
            "items": {
              "$ref": "#/components/schemas/NotificationTypeModel"
            },
            "nullable": true
          }
        },
        "additionalProperties": false
      },
      "ProblemDetails": {
        "type": "object",
        "properties": {
          "type": {
            "type": "string",
            "nullable": true
          },
          "title": {
            "type": "string",
            "nullable": true
          },
          "status": {
            "type": "integer",
            "format": "int32",
            "nullable": true
          },
          "detail": {
            "type": "string",
            "nullable": true
          },
          "instance": {
            "type": "string",
            "nullable": true
          }
        },
        "additionalProperties": { }
      },
      "ResponseModel": {
        "type": "object",
        "properties": {
          "success": {
            "type": "boolean"
          },
          "message": {
            "type": "string",
            "nullable": true
          }
        },
        "additionalProperties": false
      },
      "SendBroadCastNotificationCommand": {
        "type": "object",
        "properties": {
          "title": {
            "type": "string",
            "nullable": true
          },
          "body": {
            "type": "string",
            "nullable": true
          },
          "userIds": {
            "type": "array",
            "items": {
              "type": "integer",
              "format": "int32"
            },
            "nullable": true
          }
        },
        "additionalProperties": false
      },
      "SendEmailNotificationCommand": {
        "type": "object",
        "properties": {
          "notificationConfigType": {
            "$ref": "#/components/schemas/NotificationConfigType"
          },
          "subject": {
            "type": "string",
            "nullable": true
          },
          "body": {
            "type": "string",
            "nullable": true
          }
        },
        "additionalProperties": false
      },
      "TextNotificationCommand": {
        "type": "object",
        "properties": {
          "message": {
            "type": "string",
            "nullable": true
          },
          "mobileNo": {
            "type": "string",
            "nullable": true
          }
        },
        "additionalProperties": false
      },
      "UpdateEmailBannerCommand": {
        "type": "object",
        "properties": {
          "emailBannerPath": {
            "type": "string",
            "nullable": true
          }
        },
        "additionalProperties": false
      },
      "UpdateNotificationTypeCommand": {
        "type": "object",
        "properties": {
          "notificationTypeId": {
            "type": "integer",
            "format": "int32"
          },
          "notificationTypeIdentifier": {
            "type": "string",
            "nullable": true
          },
          "displayTemplate": {
            "type": "string",
            "nullable": true
          },
          "smsTemplate": {
            "type": "string",
            "nullable": true
          },
          "emailSubject": {
            "type": "string",
            "nullable": true
          },
          "pushNotificationTemplate": {
            "type": "string",
            "nullable": true
          }
        },
        "additionalProperties": false
      },
      "UpdateReadNotificationCommand": {
        "type": "object",
        "properties": {
          "userId": {
            "type": "integer",
            "format": "int32"
          },
          "notificationRecipientIds": {
            "type": "array",
            "items": {
              "type": "integer",
              "format": "int32"
            },
            "nullable": true
          }
        },
        "additionalProperties": false
      },
      "UserNotificationConfigrationCommand": {
        "type": "object",
        "properties": {
          "userId": {
            "type": "integer",
            "format": "int32"
          },
          "emailNotificationAllow": {
            "type": "boolean"
          },
          "appNotificationAllow": {
            "type": "boolean"
          }
        },
        "additionalProperties": false
      },
      "UserNotificationConfigrationModel": {
        "type": "object",
        "properties": {
          "userId": {
            "type": "integer",
            "format": "int32"
          },
          "emailNotificationAllow": {
            "type": "boolean"
          },
          "appNotificationAllow": {
            "type": "boolean"
          }
        },
        "additionalProperties": false
      },
      "ValidationProblemDetails": {
        "type": "object",
        "properties": {
          "type": {
            "type": "string",
            "nullable": true
          },
          "title": {
            "type": "string",
            "nullable": true
          },
          "status": {
            "type": "integer",
            "format": "int32",
            "nullable": true
          },
          "detail": {
            "type": "string",
            "nullable": true
          },
          "instance": {
            "type": "string",
            "nullable": true
          },
          "errors": {
            "type": "object",
            "additionalProperties": {
              "type": "array",
              "items": {
                "type": "string"
              }
            },
            "nullable": true
          }
        },
        "additionalProperties": { }
      }
    },
    "securitySchemes": {
      "Bearer": {
        "type": "apiKey",
        "description": "Please insert JWT with Bearer into field",
        "name": "Authorization",
        "in": "header"
      }
    }
  },
  "security": [
    {
      "Bearer": [
        "Bearer"
      ]
    }
  ]
}