{
  "openapi": "3.0.1",
  "info": {
    "title": "MPPA Api",
    "description": "The MPPA Microservice HTTP API.",
    "version": "v1"
  },
  "paths": {
    "/api/Commander/Status/{siteId}": {
      "get": {
        "tags": [
          "Commander"
        ],
        "parameters": [
          {
            "name": "siteId",
            "in": "path",
            "required": true,
            "schema": {
              "type": "string"
            }
          }
        ],
        "responses": {
          "200": {
            "description": "Success",
            "content": {
              "text/plain": {
                "schema": {
                  "$ref": "#/components/schemas/SiteModel"
                }
              },
              "application/json": {
                "schema": {
                  "$ref": "#/components/schemas/SiteModel"
                }
              },
              "text/json": {
                "schema": {
                  "$ref": "#/components/schemas/SiteModel"
                }
              }
            }
          },
          "400": {
            "description": "Bad Request",
            "content": {
              "text/plain": {
                "schema": {
                  "$ref": "#/components/schemas/ValidationProblemDetails"
                }
              },
              "application/json": {
                "schema": {
                  "$ref": "#/components/schemas/ValidationProblemDetails"
                }
              },
              "text/json": {
                "schema": {
                  "$ref": "#/components/schemas/ValidationProblemDetails"
                }
              }
            }
          },
          "500": {
            "description": "Server Error",
            "content": {
              "text/plain": {
                "schema": {
                  "$ref": "#/components/schemas/ProblemDetails"
                }
              },
              "application/json": {
                "schema": {
                  "$ref": "#/components/schemas/ProblemDetails"
                }
              },
              "text/json": {
                "schema": {
                  "$ref": "#/components/schemas/ProblemDetails"
                }
              }
            }
          }
        }
      }
    },
    "/api/Commander/Statuses": {
      "post": {
        "tags": [
          "Commander"
        ],
        "requestBody": {
          "content": {
            "application/json-patch+json": {
              "schema": {
                "$ref": "#/components/schemas/GetCommanderStatusesQuery"
              }
            },
            "application/json": {
              "schema": {
                "$ref": "#/components/schemas/GetCommanderStatusesQuery"
              }
            },
            "text/json": {
              "schema": {
                "$ref": "#/components/schemas/GetCommanderStatusesQuery"
              }
            },
            "application/*+json": {
              "schema": {
                "$ref": "#/components/schemas/GetCommanderStatusesQuery"
              }
            }
          }
        },
        "responses": {
          "200": {
            "description": "Success",
            "content": {
              "text/plain": {
                "schema": {
                  "$ref": "#/components/schemas/SiteModelResponseList"
                }
              },
              "application/json": {
                "schema": {
                  "$ref": "#/components/schemas/SiteModelResponseList"
                }
              },
              "text/json": {
                "schema": {
                  "$ref": "#/components/schemas/SiteModelResponseList"
                }
              }
            }
          },
          "400": {
            "description": "Bad Request",
            "content": {
              "text/plain": {
                "schema": {
                  "$ref": "#/components/schemas/ValidationProblemDetails"
                }
              },
              "application/json": {
                "schema": {
                  "$ref": "#/components/schemas/ValidationProblemDetails"
                }
              },
              "text/json": {
                "schema": {
                  "$ref": "#/components/schemas/ValidationProblemDetails"
                }
              }
            }
          },
          "500": {
            "description": "Server Error",
            "content": {
              "text/plain": {
                "schema": {
                  "$ref": "#/components/schemas/ProblemDetails"
                }
              },
              "application/json": {
                "schema": {
                  "$ref": "#/components/schemas/ProblemDetails"
                }
              },
              "text/json": {
                "schema": {
                  "$ref": "#/components/schemas/ProblemDetails"
                }
              }
            }
          }
        }
      }
    },
    "/api/Commander/SiteStatuses": {
      "get": {
        "tags": [
          "Commander"
        ],
        "parameters": [
          {
            "name": "HeartBeatInterval",
            "in": "query",
            "schema": {
              "type": "integer",
              "format": "int32"
            }
          },
          {
            "name": "OnlineOnly",
            "in": "query",
            "schema": {
              "type": "boolean"
            }
          }
        ],
        "responses": {
          "200": {
            "description": "Success",
            "content": {
              "text/plain": {
                "schema": {
                  "$ref": "#/components/schemas/SiteModelResponseList"
                }
              },
              "application/json": {
                "schema": {
                  "$ref": "#/components/schemas/SiteModelResponseList"
                }
              },
              "text/json": {
                "schema": {
                  "$ref": "#/components/schemas/SiteModelResponseList"
                }
              }
            }
          },
          "400": {
            "description": "Bad Request",
            "content": {
              "text/plain": {
                "schema": {
                  "$ref": "#/components/schemas/ValidationProblemDetails"
                }
              },
              "application/json": {
                "schema": {
                  "$ref": "#/components/schemas/ValidationProblemDetails"
                }
              },
              "text/json": {
                "schema": {
                  "$ref": "#/components/schemas/ValidationProblemDetails"
                }
              }
            }
          },
          "500": {
            "description": "Server Error",
            "content": {
              "text/plain": {
                "schema": {
                  "$ref": "#/components/schemas/ProblemDetails"
                }
              },
              "application/json": {
                "schema": {
                  "$ref": "#/components/schemas/ProblemDetails"
                }
              },
              "text/json": {
                "schema": {
                  "$ref": "#/components/schemas/ProblemDetails"
                }
              }
            }
          }
        }
      }
    },
    "/api/Commander/messages": {
      "get": {
        "tags": [
          "Commander"
        ],
        "parameters": [
          {
            "name": "PageIndex",
            "in": "query",
            "schema": {
              "type": "integer",
              "format": "int32"
            }
          },
          {
            "name": "PageSize",
            "in": "query",
            "schema": {
              "type": "integer",
              "format": "int32"
            }
          },
          {
            "name": "From",
            "in": "query",
            "schema": {
              "type": "string",
              "format": "date-time"
            }
          },
          {
            "name": "To",
            "in": "query",
            "schema": {
              "type": "string",
              "format": "date-time"
            }
          },
          {
            "name": "RequestType",
            "in": "query",
            "schema": {
              "$ref": "#/components/schemas/RequestType"
            }
          },
          {
            "name": "UMTI",
            "in": "query",
            "schema": {
              "type": "string"
            }
          },
          {
            "name": "SiteId",
            "in": "query",
            "schema": {
              "type": "string"
            }
          },
          {
            "name": "MerchantId",
            "in": "query",
            "schema": {
              "type": "string"
            }
          },
          {
            "name": "TransactionId",
            "in": "query",
            "schema": {
              "type": "integer",
              "format": "int64"
            }
          },
          {
            "name": "SortBy",
            "in": "query",
            "schema": {
              "$ref": "#/components/schemas/CommanderMessageSortBy"
            }
          },
          {
            "name": "SortOrder",
            "in": "query",
            "schema": {
              "$ref": "#/components/schemas/SortOrderEnum"
            }
          }
        ],
        "responses": {
          "200": {
            "description": "Success",
            "content": {
              "text/plain": {
                "schema": {
                  "$ref": "#/components/schemas/CommanderMessageModelPaginatedList"
                }
              },
              "application/json": {
                "schema": {
                  "$ref": "#/components/schemas/CommanderMessageModelPaginatedList"
                }
              },
              "text/json": {
                "schema": {
                  "$ref": "#/components/schemas/CommanderMessageModelPaginatedList"
                }
              }
            }
          },
          "400": {
            "description": "Bad Request",
            "content": {
              "text/plain": {
                "schema": {
                  "$ref": "#/components/schemas/ValidationProblemDetails"
                }
              },
              "application/json": {
                "schema": {
                  "$ref": "#/components/schemas/ValidationProblemDetails"
                }
              },
              "text/json": {
                "schema": {
                  "$ref": "#/components/schemas/ValidationProblemDetails"
                }
              }
            }
          },
          "500": {
            "description": "Server Error",
            "content": {
              "text/plain": {
                "schema": {
                  "$ref": "#/components/schemas/ProblemDetails"
                }
              },
              "application/json": {
                "schema": {
                  "$ref": "#/components/schemas/ProblemDetails"
                }
              },
              "text/json": {
                "schema": {
                  "$ref": "#/components/schemas/ProblemDetails"
                }
              }
            }
          }
        }
      }
    },
    "/api/Commander/site-connections": {
      "post": {
        "tags": [
          "Commander"
        ],
        "parameters": [
          {
            "name": "siteId",
            "in": "query",
            "schema": {
              "type": "string"
            }
          }
        ],
        "responses": {
          "200": {
            "description": "Success",
            "content": {
              "text/plain": {
                "schema": {
                  "type": "array",
                  "items": {
                    "$ref": "#/components/schemas/MppaSessionStatus"
                  }
                }
              },
              "application/json": {
                "schema": {
                  "type": "array",
                  "items": {
                    "$ref": "#/components/schemas/MppaSessionStatus"
                  }
                }
              },
              "text/json": {
                "schema": {
                  "type": "array",
                  "items": {
                    "$ref": "#/components/schemas/MppaSessionStatus"
                  }
                }
              }
            }
          },
          "400": {
            "description": "Bad Request",
            "content": {
              "text/plain": {
                "schema": {
                  "$ref": "#/components/schemas/ValidationProblemDetails"
                }
              },
              "application/json": {
                "schema": {
                  "$ref": "#/components/schemas/ValidationProblemDetails"
                }
              },
              "text/json": {
                "schema": {
                  "$ref": "#/components/schemas/ValidationProblemDetails"
                }
              }
            }
          },
          "500": {
            "description": "Server Error",
            "content": {
              "text/plain": {
                "schema": {
                  "$ref": "#/components/schemas/ProblemDetails"
                }
              },
              "application/json": {
                "schema": {
                  "$ref": "#/components/schemas/ProblemDetails"
                }
              },
              "text/json": {
                "schema": {
                  "$ref": "#/components/schemas/ProblemDetails"
                }
              }
            }
          }
        }
      }
    },
    "/api/GasPump/{GasPumpId}": {
      "get": {
        "tags": [
          "GasPump"
        ],
        "parameters": [
          {
            "name": "GasPumpId",
            "in": "path",
            "required": true,
            "schema": {
              "type": "integer",
              "format": "int32"
            }
          }
        ],
        "responses": {
          "200": {
            "description": "Success",
            "content": {
              "text/plain": {
                "schema": {
                  "$ref": "#/components/schemas/GasPumpModel"
                }
              },
              "application/json": {
                "schema": {
                  "$ref": "#/components/schemas/GasPumpModel"
                }
              },
              "text/json": {
                "schema": {
                  "$ref": "#/components/schemas/GasPumpModel"
                }
              }
            }
          },
          "400": {
            "description": "Bad Request",
            "content": {
              "text/plain": {
                "schema": {
                  "$ref": "#/components/schemas/ValidationProblemDetails"
                }
              },
              "application/json": {
                "schema": {
                  "$ref": "#/components/schemas/ValidationProblemDetails"
                }
              },
              "text/json": {
                "schema": {
                  "$ref": "#/components/schemas/ValidationProblemDetails"
                }
              }
            }
          },
          "500": {
            "description": "Server Error",
            "content": {
              "text/plain": {
                "schema": {
                  "$ref": "#/components/schemas/ProblemDetails"
                }
              },
              "application/json": {
                "schema": {
                  "$ref": "#/components/schemas/ProblemDetails"
                }
              },
              "text/json": {
                "schema": {
                  "$ref": "#/components/schemas/ProblemDetails"
                }
              }
            }
          }
        }
      }
    },
    "/api/GasPump/ByStoreId/{storeId}": {
      "get": {
        "tags": [
          "GasPump"
        ],
        "parameters": [
          {
            "name": "storeId",
            "in": "path",
            "required": true,
            "schema": {
              "type": "integer",
              "format": "int32"
            }
          }
        ],
        "responses": {
          "200": {
            "description": "Success",
            "content": {
              "text/plain": {
                "schema": {
                  "$ref": "#/components/schemas/GasPumpModelResponseList"
                }
              },
              "application/json": {
                "schema": {
                  "$ref": "#/components/schemas/GasPumpModelResponseList"
                }
              },
              "text/json": {
                "schema": {
                  "$ref": "#/components/schemas/GasPumpModelResponseList"
                }
              }
            }
          },
          "400": {
            "description": "Bad Request",
            "content": {
              "text/plain": {
                "schema": {
                  "$ref": "#/components/schemas/ValidationProblemDetails"
                }
              },
              "application/json": {
                "schema": {
                  "$ref": "#/components/schemas/ValidationProblemDetails"
                }
              },
              "text/json": {
                "schema": {
                  "$ref": "#/components/schemas/ValidationProblemDetails"
                }
              }
            }
          },
          "500": {
            "description": "Server Error",
            "content": {
              "text/plain": {
                "schema": {
                  "$ref": "#/components/schemas/ProblemDetails"
                }
              },
              "application/json": {
                "schema": {
                  "$ref": "#/components/schemas/ProblemDetails"
                }
              },
              "text/json": {
                "schema": {
                  "$ref": "#/components/schemas/ProblemDetails"
                }
              }
            }
          }
        }
      }
    },
    "/api/GasPump": {
      "post": {
        "tags": [
          "GasPump"
        ],
        "requestBody": {
          "content": {
            "application/json-patch+json": {
              "schema": {
                "$ref": "#/components/schemas/CreateGasPumpCommand"
              }
            },
            "application/json": {
              "schema": {
                "$ref": "#/components/schemas/CreateGasPumpCommand"
              }
            },
            "text/json": {
              "schema": {
                "$ref": "#/components/schemas/CreateGasPumpCommand"
              }
            },
            "application/*+json": {
              "schema": {
                "$ref": "#/components/schemas/CreateGasPumpCommand"
              }
            }
          }
        },
        "responses": {
          "200": {
            "description": "Success",
            "content": {
              "text/plain": {
                "schema": {
                  "type": "integer",
                  "format": "int32"
                }
              },
              "application/json": {
                "schema": {
                  "type": "integer",
                  "format": "int32"
                }
              },
              "text/json": {
                "schema": {
                  "type": "integer",
                  "format": "int32"
                }
              }
            }
          },
          "400": {
            "description": "Bad Request",
            "content": {
              "text/plain": {
                "schema": {
                  "$ref": "#/components/schemas/ValidationProblemDetails"
                }
              },
              "application/json": {
                "schema": {
                  "$ref": "#/components/schemas/ValidationProblemDetails"
                }
              },
              "text/json": {
                "schema": {
                  "$ref": "#/components/schemas/ValidationProblemDetails"
                }
              }
            }
          },
          "500": {
            "description": "Server Error",
            "content": {
              "text/plain": {
                "schema": {
                  "$ref": "#/components/schemas/ProblemDetails"
                }
              },
              "application/json": {
                "schema": {
                  "$ref": "#/components/schemas/ProblemDetails"
                }
              },
              "text/json": {
                "schema": {
                  "$ref": "#/components/schemas/ProblemDetails"
                }
              }
            }
          }
        }
      },
      "patch": {
        "tags": [
          "GasPump"
        ],
        "requestBody": {
          "content": {
            "application/json-patch+json": {
              "schema": {
                "$ref": "#/components/schemas/UpdateGasPumpCommand"
              }
            },
            "application/json": {
              "schema": {
                "$ref": "#/components/schemas/UpdateGasPumpCommand"
              }
            },
            "text/json": {
              "schema": {
                "$ref": "#/components/schemas/UpdateGasPumpCommand"
              }
            },
            "application/*+json": {
              "schema": {
                "$ref": "#/components/schemas/UpdateGasPumpCommand"
              }
            }
          }
        },
        "responses": {
          "200": {
            "description": "Success",
            "content": {
              "text/plain": {
                "schema": {
                  "type": "boolean"
                }
              },
              "application/json": {
                "schema": {
                  "type": "boolean"
                }
              },
              "text/json": {
                "schema": {
                  "type": "boolean"
                }
              }
            }
          },
          "400": {
            "description": "Bad Request",
            "content": {
              "text/plain": {
                "schema": {
                  "$ref": "#/components/schemas/ValidationProblemDetails"
                }
              },
              "application/json": {
                "schema": {
                  "$ref": "#/components/schemas/ValidationProblemDetails"
                }
              },
              "text/json": {
                "schema": {
                  "$ref": "#/components/schemas/ValidationProblemDetails"
                }
              }
            }
          },
          "500": {
            "description": "Server Error",
            "content": {
              "text/plain": {
                "schema": {
                  "$ref": "#/components/schemas/ProblemDetails"
                }
              },
              "application/json": {
                "schema": {
                  "$ref": "#/components/schemas/ProblemDetails"
                }
              },
              "text/json": {
                "schema": {
                  "$ref": "#/components/schemas/ProblemDetails"
                }
              }
            }
          }
        }
      }
    },
    "/api/HostConfigration/ByStoreId/{storeId}": {
      "get": {
        "tags": [
          "HostConfigration"
        ],
        "parameters": [
          {
            "name": "storeId",
            "in": "path",
            "required": true,
            "schema": {
              "type": "integer",
              "format": "int32"
            }
          }
        ],
        "responses": {
          "200": {
            "description": "Success",
            "content": {
              "text/plain": {
                "schema": {
                  "$ref": "#/components/schemas/HostConfigrationModel"
                }
              },
              "application/json": {
                "schema": {
                  "$ref": "#/components/schemas/HostConfigrationModel"
                }
              },
              "text/json": {
                "schema": {
                  "$ref": "#/components/schemas/HostConfigrationModel"
                }
              }
            }
          },
          "400": {
            "description": "Bad Request",
            "content": {
              "text/plain": {
                "schema": {
                  "$ref": "#/components/schemas/ValidationProblemDetails"
                }
              },
              "application/json": {
                "schema": {
                  "$ref": "#/components/schemas/ValidationProblemDetails"
                }
              },
              "text/json": {
                "schema": {
                  "$ref": "#/components/schemas/ValidationProblemDetails"
                }
              }
            }
          },
          "500": {
            "description": "Server Error",
            "content": {
              "text/plain": {
                "schema": {
                  "$ref": "#/components/schemas/ProblemDetails"
                }
              },
              "application/json": {
                "schema": {
                  "$ref": "#/components/schemas/ProblemDetails"
                }
              },
              "text/json": {
                "schema": {
                  "$ref": "#/components/schemas/ProblemDetails"
                }
              }
            }
          }
        }
      }
    },
    "/api/HostConfigration": {
      "post": {
        "tags": [
          "HostConfigration"
        ],
        "requestBody": {
          "content": {
            "application/json-patch+json": {
              "schema": {
                "$ref": "#/components/schemas/CreateHostConfigrationCommand"
              }
            },
            "application/json": {
              "schema": {
                "$ref": "#/components/schemas/CreateHostConfigrationCommand"
              }
            },
            "text/json": {
              "schema": {
                "$ref": "#/components/schemas/CreateHostConfigrationCommand"
              }
            },
            "application/*+json": {
              "schema": {
                "$ref": "#/components/schemas/CreateHostConfigrationCommand"
              }
            }
          }
        },
        "responses": {
          "200": {
            "description": "Success",
            "content": {
              "text/plain": {
                "schema": {
                  "type": "integer",
                  "format": "int32"
                }
              },
              "application/json": {
                "schema": {
                  "type": "integer",
                  "format": "int32"
                }
              },
              "text/json": {
                "schema": {
                  "type": "integer",
                  "format": "int32"
                }
              }
            }
          },
          "400": {
            "description": "Bad Request",
            "content": {
              "text/plain": {
                "schema": {
                  "$ref": "#/components/schemas/ValidationProblemDetails"
                }
              },
              "application/json": {
                "schema": {
                  "$ref": "#/components/schemas/ValidationProblemDetails"
                }
              },
              "text/json": {
                "schema": {
                  "$ref": "#/components/schemas/ValidationProblemDetails"
                }
              }
            }
          },
          "500": {
            "description": "Server Error",
            "content": {
              "text/plain": {
                "schema": {
                  "$ref": "#/components/schemas/ProblemDetails"
                }
              },
              "application/json": {
                "schema": {
                  "$ref": "#/components/schemas/ProblemDetails"
                }
              },
              "text/json": {
                "schema": {
                  "$ref": "#/components/schemas/ProblemDetails"
                }
              }
            }
          }
        }
      },
      "patch": {
        "tags": [
          "HostConfigration"
        ],
        "requestBody": {
          "content": {
            "application/json-patch+json": {
              "schema": {
                "$ref": "#/components/schemas/UpdateHostConfigrationCommand"
              }
            },
            "application/json": {
              "schema": {
                "$ref": "#/components/schemas/UpdateHostConfigrationCommand"
              }
            },
            "text/json": {
              "schema": {
                "$ref": "#/components/schemas/UpdateHostConfigrationCommand"
              }
            },
            "application/*+json": {
              "schema": {
                "$ref": "#/components/schemas/UpdateHostConfigrationCommand"
              }
            }
          }
        },
        "responses": {
          "200": {
            "description": "Success",
            "content": {
              "text/plain": {
                "schema": {
                  "type": "boolean"
                }
              },
              "application/json": {
                "schema": {
                  "type": "boolean"
                }
              },
              "text/json": {
                "schema": {
                  "type": "boolean"
                }
              }
            }
          },
          "400": {
            "description": "Bad Request",
            "content": {
              "text/plain": {
                "schema": {
                  "$ref": "#/components/schemas/ValidationProblemDetails"
                }
              },
              "application/json": {
                "schema": {
                  "$ref": "#/components/schemas/ValidationProblemDetails"
                }
              },
              "text/json": {
                "schema": {
                  "$ref": "#/components/schemas/ValidationProblemDetails"
                }
              }
            }
          },
          "500": {
            "description": "Server Error",
            "content": {
              "text/plain": {
                "schema": {
                  "$ref": "#/components/schemas/ProblemDetails"
                }
              },
              "application/json": {
                "schema": {
                  "$ref": "#/components/schemas/ProblemDetails"
                }
              },
              "text/json": {
                "schema": {
                  "$ref": "#/components/schemas/ProblemDetails"
                }
              }
            }
          }
        }
      }
    },
    "/api/HostConfigration/Adapter": {
      "get": {
        "tags": [
          "HostConfigration"
        ],
        "responses": {
          "200": {
            "description": "Success",
            "content": {
              "text/plain": {
                "schema": {
                  "$ref": "#/components/schemas/AdapterModelResponseList"
                }
              },
              "application/json": {
                "schema": {
                  "$ref": "#/components/schemas/AdapterModelResponseList"
                }
              },
              "text/json": {
                "schema": {
                  "$ref": "#/components/schemas/AdapterModelResponseList"
                }
              }
            }
          },
          "400": {
            "description": "Bad Request",
            "content": {
              "text/plain": {
                "schema": {
                  "$ref": "#/components/schemas/ValidationProblemDetails"
                }
              },
              "application/json": {
                "schema": {
                  "$ref": "#/components/schemas/ValidationProblemDetails"
                }
              },
              "text/json": {
                "schema": {
                  "$ref": "#/components/schemas/ValidationProblemDetails"
                }
              }
            }
          },
          "500": {
            "description": "Server Error",
            "content": {
              "text/plain": {
                "schema": {
                  "$ref": "#/components/schemas/ProblemDetails"
                }
              },
              "application/json": {
                "schema": {
                  "$ref": "#/components/schemas/ProblemDetails"
                }
              },
              "text/json": {
                "schema": {
                  "$ref": "#/components/schemas/ProblemDetails"
                }
              }
            }
          }
        }
      }
    },
    "/api/POS/{posId}": {
      "get": {
        "tags": [
          "POS"
        ],
        "parameters": [
          {
            "name": "posId",
            "in": "path",
            "required": true,
            "schema": {
              "type": "integer",
              "format": "int32"
            }
          }
        ],
        "responses": {
          "200": {
            "description": "Success",
            "content": {
              "text/plain": {
                "schema": {
                  "$ref": "#/components/schemas/POSModel"
                }
              },
              "application/json": {
                "schema": {
                  "$ref": "#/components/schemas/POSModel"
                }
              },
              "text/json": {
                "schema": {
                  "$ref": "#/components/schemas/POSModel"
                }
              }
            }
          },
          "400": {
            "description": "Bad Request",
            "content": {
              "text/plain": {
                "schema": {
                  "$ref": "#/components/schemas/ValidationProblemDetails"
                }
              },
              "application/json": {
                "schema": {
                  "$ref": "#/components/schemas/ValidationProblemDetails"
                }
              },
              "text/json": {
                "schema": {
                  "$ref": "#/components/schemas/ValidationProblemDetails"
                }
              }
            }
          },
          "500": {
            "description": "Server Error",
            "content": {
              "text/plain": {
                "schema": {
                  "$ref": "#/components/schemas/ProblemDetails"
                }
              },
              "application/json": {
                "schema": {
                  "$ref": "#/components/schemas/ProblemDetails"
                }
              },
              "text/json": {
                "schema": {
                  "$ref": "#/components/schemas/ProblemDetails"
                }
              }
            }
          }
        }
      }
    },
    "/api/POS/ByStoreId/{storeId}": {
      "get": {
        "tags": [
          "POS"
        ],
        "parameters": [
          {
            "name": "storeId",
            "in": "path",
            "required": true,
            "schema": {
              "type": "integer",
              "format": "int32"
            }
          }
        ],
        "responses": {
          "200": {
            "description": "Success",
            "content": {
              "text/plain": {
                "schema": {
                  "$ref": "#/components/schemas/POSModelResponseList"
                }
              },
              "application/json": {
                "schema": {
                  "$ref": "#/components/schemas/POSModelResponseList"
                }
              },
              "text/json": {
                "schema": {
                  "$ref": "#/components/schemas/POSModelResponseList"
                }
              }
            }
          },
          "400": {
            "description": "Bad Request",
            "content": {
              "text/plain": {
                "schema": {
                  "$ref": "#/components/schemas/ValidationProblemDetails"
                }
              },
              "application/json": {
                "schema": {
                  "$ref": "#/components/schemas/ValidationProblemDetails"
                }
              },
              "text/json": {
                "schema": {
                  "$ref": "#/components/schemas/ValidationProblemDetails"
                }
              }
            }
          },
          "500": {
            "description": "Server Error",
            "content": {
              "text/plain": {
                "schema": {
                  "$ref": "#/components/schemas/ProblemDetails"
                }
              },
              "application/json": {
                "schema": {
                  "$ref": "#/components/schemas/ProblemDetails"
                }
              },
              "text/json": {
                "schema": {
                  "$ref": "#/components/schemas/ProblemDetails"
                }
              }
            }
          }
        }
      }
    },
    "/api/POS": {
      "post": {
        "tags": [
          "POS"
        ],
        "requestBody": {
          "content": {
            "application/json-patch+json": {
              "schema": {
                "$ref": "#/components/schemas/CreatePosCommand"
              }
            },
            "application/json": {
              "schema": {
                "$ref": "#/components/schemas/CreatePosCommand"
              }
            },
            "text/json": {
              "schema": {
                "$ref": "#/components/schemas/CreatePosCommand"
              }
            },
            "application/*+json": {
              "schema": {
                "$ref": "#/components/schemas/CreatePosCommand"
              }
            }
          }
        },
        "responses": {
          "200": {
            "description": "Success",
            "content": {
              "text/plain": {
                "schema": {
                  "type": "integer",
                  "format": "int32"
                }
              },
              "application/json": {
                "schema": {
                  "type": "integer",
                  "format": "int32"
                }
              },
              "text/json": {
                "schema": {
                  "type": "integer",
                  "format": "int32"
                }
              }
            }
          },
          "400": {
            "description": "Bad Request",
            "content": {
              "text/plain": {
                "schema": {
                  "$ref": "#/components/schemas/ValidationProblemDetails"
                }
              },
              "application/json": {
                "schema": {
                  "$ref": "#/components/schemas/ValidationProblemDetails"
                }
              },
              "text/json": {
                "schema": {
                  "$ref": "#/components/schemas/ValidationProblemDetails"
                }
              }
            }
          },
          "500": {
            "description": "Server Error",
            "content": {
              "text/plain": {
                "schema": {
                  "$ref": "#/components/schemas/ProblemDetails"
                }
              },
              "application/json": {
                "schema": {
                  "$ref": "#/components/schemas/ProblemDetails"
                }
              },
              "text/json": {
                "schema": {
                  "$ref": "#/components/schemas/ProblemDetails"
                }
              }
            }
          }
        }
      },
      "patch": {
        "tags": [
          "POS"
        ],
        "requestBody": {
          "content": {
            "application/json-patch+json": {
              "schema": {
                "$ref": "#/components/schemas/UpdatePosCommand"
              }
            },
            "application/json": {
              "schema": {
                "$ref": "#/components/schemas/UpdatePosCommand"
              }
            },
            "text/json": {
              "schema": {
                "$ref": "#/components/schemas/UpdatePosCommand"
              }
            },
            "application/*+json": {
              "schema": {
                "$ref": "#/components/schemas/UpdatePosCommand"
              }
            }
          }
        },
        "responses": {
          "200": {
            "description": "Success",
            "content": {
              "text/plain": {
                "schema": {
                  "type": "boolean"
                }
              },
              "application/json": {
                "schema": {
                  "type": "boolean"
                }
              },
              "text/json": {
                "schema": {
                  "type": "boolean"
                }
              }
            }
          },
          "400": {
            "description": "Bad Request",
            "content": {
              "text/plain": {
                "schema": {
                  "$ref": "#/components/schemas/ValidationProblemDetails"
                }
              },
              "application/json": {
                "schema": {
                  "$ref": "#/components/schemas/ValidationProblemDetails"
                }
              },
              "text/json": {
                "schema": {
                  "$ref": "#/components/schemas/ValidationProblemDetails"
                }
              }
            }
          },
          "500": {
            "description": "Server Error",
            "content": {
              "text/plain": {
                "schema": {
                  "$ref": "#/components/schemas/ProblemDetails"
                }
              },
              "application/json": {
                "schema": {
                  "$ref": "#/components/schemas/ProblemDetails"
                }
              },
              "text/json": {
                "schema": {
                  "$ref": "#/components/schemas/ProblemDetails"
                }
              }
            }
          }
        }
      }
    },
    "/api/SiteProduct": {
      "get": {
        "tags": [
          "SiteProduct"
        ],
        "parameters": [
          {
            "name": "SiteIds",
            "in": "query",
            "schema": {
              "type": "array",
              "items": {
                "type": "string"
              }
            }
          }
        ],
        "responses": {
          "200": {
            "description": "Success",
            "content": {
              "text/plain": {
                "schema": {
                  "$ref": "#/components/schemas/SiteProductModelResponseList"
                }
              },
              "application/json": {
                "schema": {
                  "$ref": "#/components/schemas/SiteProductModelResponseList"
                }
              },
              "text/json": {
                "schema": {
                  "$ref": "#/components/schemas/SiteProductModelResponseList"
                }
              }
            }
          },
          "400": {
            "description": "Bad Request",
            "content": {
              "text/plain": {
                "schema": {
                  "$ref": "#/components/schemas/ValidationProblemDetails"
                }
              },
              "application/json": {
                "schema": {
                  "$ref": "#/components/schemas/ValidationProblemDetails"
                }
              },
              "text/json": {
                "schema": {
                  "$ref": "#/components/schemas/ValidationProblemDetails"
                }
              }
            }
          },
          "500": {
            "description": "Server Error",
            "content": {
              "text/plain": {
                "schema": {
                  "$ref": "#/components/schemas/ProblemDetails"
                }
              },
              "application/json": {
                "schema": {
                  "$ref": "#/components/schemas/ProblemDetails"
                }
              },
              "text/json": {
                "schema": {
                  "$ref": "#/components/schemas/ProblemDetails"
                }
              }
            }
          }
        }
      }
    },
    "/api/SiteProduct/BySiteId/{siteId}": {
      "get": {
        "tags": [
          "SiteProduct"
        ],
        "parameters": [
          {
            "name": "siteId",
            "in": "path",
            "required": true,
            "schema": {
              "type": "string"
            }
          }
        ],
        "responses": {
          "200": {
            "description": "Success",
            "content": {
              "text/plain": {
                "schema": {
                  "type": "array",
                  "items": {
                    "$ref": "#/components/schemas/SiteProduct"
                  }
                }
              },
              "application/json": {
                "schema": {
                  "type": "array",
                  "items": {
                    "$ref": "#/components/schemas/SiteProduct"
                  }
                }
              },
              "text/json": {
                "schema": {
                  "type": "array",
                  "items": {
                    "$ref": "#/components/schemas/SiteProduct"
                  }
                }
              }
            }
          },
          "400": {
            "description": "Bad Request",
            "content": {
              "text/plain": {
                "schema": {
                  "$ref": "#/components/schemas/ValidationProblemDetails"
                }
              },
              "application/json": {
                "schema": {
                  "$ref": "#/components/schemas/ValidationProblemDetails"
                }
              },
              "text/json": {
                "schema": {
                  "$ref": "#/components/schemas/ValidationProblemDetails"
                }
              }
            }
          },
          "500": {
            "description": "Server Error",
            "content": {
              "text/plain": {
                "schema": {
                  "$ref": "#/components/schemas/ProblemDetails"
                }
              },
              "application/json": {
                "schema": {
                  "$ref": "#/components/schemas/ProblemDetails"
                }
              },
              "text/json": {
                "schema": {
                  "$ref": "#/components/schemas/ProblemDetails"
                }
              }
            }
          }
        }
      }
    }
  },
  "components": {
    "schemas": {
      "AdapterModel": {
        "type": "object",
        "properties": {
          "adapterId": {
            "type": "integer",
            "format": "int32"
          },
          "adapterName": {
            "type": "string",
            "nullable": true
          }
        },
        "additionalProperties": false
      },
      "AdapterModelResponseList": {
        "type": "object",
        "properties": {
          "data": {
            "type": "array",
            "items": {
              "$ref": "#/components/schemas/AdapterModel"
            },
            "nullable": true
          }
        },
        "additionalProperties": false
      },
      "CommanderMessageModel": {
        "type": "object",
        "properties": {
          "commanderMessageId": {
            "type": "string",
            "format": "uuid"
          },
          "requestTypeId": {
            "type": "integer",
            "format": "int32"
          },
          "requestTypeName": {
            "type": "string",
            "nullable": true,
            "readOnly": true
          },
          "umti": {
            "type": "string",
            "nullable": true
          },
          "siteId": {
            "type": "string",
            "nullable": true
          },
          "merchantId": {
            "type": "string",
            "nullable": true
          },
          "transactionId": {
            "type": "integer",
            "format": "int64",
            "nullable": true
          },
          "xmlMessage": {
            "type": "string",
            "nullable": true
          },
          "jsonMessage": {
            "type": "string",
            "nullable": true
          },
          "overallResult": {
            "type": "string",
            "nullable": true
          },
          "responseCode": {
            "type": "string",
            "nullable": true
          },
          "messageCode": {
            "type": "string",
            "nullable": true
          },
          "error": {
            "type": "string",
            "nullable": true
          },
          "statusId": {
            "type": "integer",
            "format": "int32"
          },
          "isRequest": {
            "type": "boolean"
          },
          "status": {
            "type": "string",
            "nullable": true,
            "readOnly": true
          },
          "createdOn": {
            "type": "string",
            "format": "date-time",
            "nullable": true
          }
        },
        "additionalProperties": false
      },
      "CommanderMessageModelPaginatedList": {
        "type": "object",
        "properties": {
          "pageIndex": {
            "type": "integer",
            "format": "int32"
          },
          "pageSize": {
            "type": "integer",
            "format": "int32"
          },
          "totalCount": {
            "type": "integer",
            "format": "int32"
          },
          "totalPages": {
            "type": "integer",
            "format": "int32",
            "readOnly": true
          },
          "data": {
            "type": "array",
            "items": {
              "$ref": "#/components/schemas/CommanderMessageModel"
            },
            "nullable": true
          },
          "hasPreviousPage": {
            "type": "boolean",
            "readOnly": true
          },
          "hasNextPage": {
            "type": "boolean",
            "readOnly": true
          }
        },
        "additionalProperties": false
      },
      "CommanderMessageSortBy": {
        "enum": [
          "None",
          "CreatedOn",
          "SiteId",
          "UMTI",
          "TransactionId"
        ],
        "type": "string"
      },
      "CreateGasPumpCommand": {
        "type": "object",
        "properties": {
          "storeId": {
            "type": "integer",
            "format": "int32"
          },
          "posId": {
            "type": "integer",
            "format": "int32"
          },
          "pumpNumber": {
            "type": "string",
            "nullable": true
          },
          "pumpSystemId": {
            "type": "string",
            "nullable": true
          },
          "qrCode": {
            "type": "string",
            "nullable": true
          },
          "barCode": {
            "type": "string",
            "nullable": true
          }
        },
        "additionalProperties": false
      },
      "CreateHostConfigrationCommand": {
        "type": "object",
        "properties": {
          "interface": {
            "type": "string",
            "nullable": true
          },
          "programName": {
            "type": "string",
            "nullable": true
          },
          "merchantId": {
            "type": "integer",
            "format": "int32"
          },
          "authenticationType": {
            "type": "string",
            "nullable": true
          },
          "siteTerminalId": {
            "type": "string",
            "nullable": true
          },
          "locationId": {
            "type": "string",
            "nullable": true
          },
          "storeId": {
            "type": "integer",
            "format": "int32"
          },
          "settlementEmpNumber": {
            "type": "string",
            "nullable": true
          },
          "settlementPasscode": {
            "type": "string",
            "nullable": true
          },
          "phoneNumber": {
            "type": "string",
            "nullable": true
          },
          "domainName": {
            "type": "string",
            "nullable": true
          },
          "heartbeatfrequency": {
            "type": "string",
            "nullable": true
          },
          "heartbeatTimeUnit": {
            "type": "string",
            "nullable": true
          },
          "sslAllow": {
            "type": "boolean"
          },
          "outdoorAuthenticationTimeout": {
            "type": "integer",
            "format": "int32"
          },
          "siteLoyality": {
            "type": "string",
            "nullable": true
          },
          "mnspId": {
            "type": "string",
            "nullable": true
          },
          "mnsp": {
            "type": "string",
            "nullable": true
          }
        },
        "additionalProperties": false
      },
      "CreatePosCommand": {
        "type": "object",
        "properties": {
          "storeId": {
            "type": "integer",
            "format": "int32"
          },
          "stationNumber": {
            "type": "string",
            "nullable": true
          },
          "stationSystemId": {
            "type": "string",
            "nullable": true
          },
          "stationIPAddress": {
            "type": "string",
            "nullable": true
          },
          "qrCode": {
            "type": "string",
            "nullable": true
          },
          "barCode": {
            "type": "string",
            "nullable": true
          },
          "networkType": {
            "type": "string",
            "nullable": true
          },
          "port": {
            "type": "string",
            "nullable": true
          }
        },
        "additionalProperties": false
      },
      "GasPumpModel": {
        "type": "object",
        "properties": {
          "gasPumpId": {
            "type": "integer",
            "format": "int32"
          },
          "storeId": {
            "type": "integer",
            "format": "int32"
          },
          "posId": {
            "type": "integer",
            "format": "int32"
          },
          "pumpNumber": {
            "type": "string",
            "nullable": true
          },
          "pumpSystemId": {
            "type": "string",
            "nullable": true
          },
          "qrCode": {
            "type": "string",
            "nullable": true
          },
          "barCode": {
            "type": "string",
            "nullable": true
          }
        },
        "additionalProperties": false
      },
      "GasPumpModelResponseList": {
        "type": "object",
        "properties": {
          "data": {
            "type": "array",
            "items": {
              "$ref": "#/components/schemas/GasPumpModel"
            },
            "nullable": true
          }
        },
        "additionalProperties": false
      },
      "GetCommanderStatusesQuery": {
        "type": "object",
        "properties": {
          "heartBeatInterval": {
            "type": "integer",
            "format": "int32"
          },
          "siteIds": {
            "type": "array",
            "items": {
              "type": "string"
            },
            "nullable": true
          }
        },
        "additionalProperties": false
      },
      "HostConfigrationModel": {
        "type": "object",
        "properties": {
          "configId": {
            "type": "integer",
            "format": "int32"
          },
          "interface": {
            "type": "string",
            "nullable": true
          },
          "programName": {
            "type": "string",
            "nullable": true
          },
          "merchantId": {
            "type": "integer",
            "format": "int32"
          },
          "authenticationType": {
            "type": "string",
            "nullable": true
          },
          "siteTerminalId": {
            "type": "string",
            "nullable": true
          },
          "locationId": {
            "type": "string",
            "nullable": true
          },
          "storeId": {
            "type": "integer",
            "format": "int32"
          },
          "settlementEmpNumber": {
            "type": "string",
            "nullable": true
          },
          "settlementPasscode": {
            "type": "string",
            "nullable": true
          },
          "phoneNumber": {
            "type": "string",
            "nullable": true
          },
          "domainName": {
            "type": "string",
            "nullable": true
          },
          "heartbeatfrequency": {
            "type": "string",
            "nullable": true
          },
          "heartbeatTimeUnit": {
            "type": "string",
            "nullable": true
          },
          "sslAllow": {
            "type": "boolean"
          },
          "outdoorAuthenticationTimeout": {
            "type": "integer",
            "format": "int32"
          },
          "siteLoyality": {
            "type": "string",
            "nullable": true
          },
          "mnspId": {
            "type": "string",
            "nullable": true
          },
          "mnsp": {
            "type": "string",
            "nullable": true
          }
        },
        "additionalProperties": false
      },
      "MppaSessionStatus": {
        "type": "object",
        "properties": {
          "siteId": {
            "type": "string",
            "nullable": true
          },
          "isConnected": {
            "type": "boolean"
          },
          "isSocketDisposed": {
            "type": "boolean"
          },
          "connectionTime": {
            "type": "string",
            "format": "date-time"
          },
          "disConnectionTime": {
            "type": "string",
            "format": "date-time"
          },
          "lastMessageReceived": {
            "type": "string",
            "format": "date-time"
          },
          "lastMessage": {
            "type": "string",
            "nullable": true
          }
        },
        "additionalProperties": false
      },
      "POSModel": {
        "type": "object",
        "properties": {
          "posId": {
            "type": "integer",
            "format": "int32"
          },
          "storeId": {
            "type": "integer",
            "format": "int32"
          },
          "stationNumber": {
            "type": "string",
            "nullable": true
          },
          "stationSystemId": {
            "type": "string",
            "nullable": true
          },
          "stationIPAddress": {
            "type": "string",
            "nullable": true
          },
          "qrCode": {
            "type": "string",
            "nullable": true
          },
          "barCode": {
            "type": "string",
            "nullable": true
          },
          "networkType": {
            "type": "string",
            "nullable": true
          },
          "port": {
            "type": "string",
            "nullable": true
          }
        },
        "additionalProperties": false
      },
      "POSModelResponseList": {
        "type": "object",
        "properties": {
          "data": {
            "type": "array",
            "items": {
              "$ref": "#/components/schemas/POSModel"
            },
            "nullable": true
          }
        },
        "additionalProperties": false
      },
      "ProblemDetails": {
        "type": "object",
        "properties": {
          "type": {
            "type": "string",
            "nullable": true
          },
          "title": {
            "type": "string",
            "nullable": true
          },
          "status": {
            "type": "integer",
            "format": "int32",
            "nullable": true
          },
          "detail": {
            "type": "string",
            "nullable": true
          },
          "instance": {
            "type": "string",
            "nullable": true
          }
        },
        "additionalProperties": { }
      },
      "RequestType": {
        "enum": [
          "None",
          "MobilePumpReserve",
          "MobileTransactionData",
          "MobileAuth",
          "MobileCancel",
          "BeginFueling",
          "MobileFinalize",
          "MobileReceiptData",
          "MobileStacCapture",
          "MobileSettlement",
          "MobileSiteData",
          "MobileHeartBeat",
          "MobileStacGenerate",
          "MobileLoyaltyAward"
        ],
        "type": "string"
      },
      "SiteModel": {
        "type": "object",
        "properties": {
          "siteId": {
            "type": "string",
            "nullable": true
          },
          "siteName": {
            "type": "string",
            "nullable": true
          },
          "siteMPPAIdentifier": {
            "type": "string",
            "nullable": true
          },
          "merchantId": {
            "type": "string",
            "nullable": true
          },
          "locationId": {
            "type": "string",
            "nullable": true
          },
          "siteMobileActive": {
            "type": "boolean",
            "nullable": true
          },
          "siteAddress": {
            "type": "string",
            "nullable": true
          },
          "welcomeMsg": {
            "type": "string",
            "nullable": true
          },
          "settlementEmployee": {
            "type": "string",
            "nullable": true
          },
          "partialAuthAllowed": {
            "type": "boolean",
            "nullable": true
          },
          "pumpTimeout": {
            "type": "integer",
            "format": "int32",
            "nullable": true
          },
          "storeId": {
            "type": "integer",
            "format": "int32",
            "nullable": true
          },
          "heartBeatUMTI": {
            "type": "string",
            "nullable": true
          },
          "heartBeatTimeDateStamp": {
            "type": "string",
            "nullable": true
          },
          "currentHeartBeatTime": {
            "type": "string",
            "format": "date-time",
            "nullable": true
          },
          "lastHeartBeatTime": {
            "type": "string",
            "format": "date-time",
            "nullable": true
          },
          "isOnline": {
            "type": "boolean"
          }
        },
        "additionalProperties": false
      },
      "SiteModelResponseList": {
        "type": "object",
        "properties": {
          "data": {
            "type": "array",
            "items": {
              "$ref": "#/components/schemas/SiteModel"
            },
            "nullable": true
          }
        },
        "additionalProperties": false
      },
      "SiteProduct": {
        "type": "object",
        "properties": {
          "createdOn": {
            "type": "string",
            "format": "date-time",
            "nullable": true
          },
          "isActive": {
            "type": "boolean"
          },
          "createdBy": {
            "type": "integer",
            "format": "int32"
          },
          "updatedOn": {
            "type": "string",
            "format": "date-time",
            "nullable": true
          },
          "updatedBy": {
            "type": "integer",
            "format": "int32"
          },
          "itemId": {
            "type": "string",
            "nullable": true
          },
          "siteId": {
            "type": "string",
            "nullable": true
          },
          "posCode": {
            "type": "string",
            "nullable": true
          },
          "posCodeModifier": {
            "type": "string",
            "nullable": true
          },
          "productCode": {
            "type": "string",
            "nullable": true
          },
          "originalAmount": {
            "type": "number",
            "format": "double",
            "nullable": true
          },
          "originalAmountUnitPrice": {
            "type": "number",
            "format": "double",
            "nullable": true
          },
          "adjustedAmount": {
            "type": "number",
            "format": "double",
            "nullable": true
          },
          "adjustedAmountUnitPrice": {
            "type": "number",
            "format": "double",
            "nullable": true
          },
          "unitMeasure": {
            "type": "string",
            "nullable": true
          },
          "quantity": {
            "type": "number",
            "format": "double",
            "nullable": true
          },
          "description": {
            "type": "string",
            "nullable": true
          },
          "priceTier": {
            "type": "string",
            "nullable": true
          },
          "merchandiseCode": {
            "type": "string",
            "nullable": true
          },
          "outdoorPosition": {
            "type": "integer",
            "format": "int32",
            "nullable": true
          }
        },
        "additionalProperties": false
      },
      "SiteProductModel": {
        "type": "object",
        "properties": {
          "siteId": {
            "type": "string",
            "nullable": true
          },
          "originalAmountUnitPrice": {
            "type": "number",
            "format": "double",
            "nullable": true
          },
          "unitMeasure": {
            "type": "string",
            "nullable": true
          },
          "description": {
            "type": "string",
            "nullable": true
          },
          "priceTier": {
            "type": "string",
            "nullable": true
          }
        },
        "additionalProperties": false
      },
      "SiteProductModelResponseList": {
        "type": "object",
        "properties": {
          "data": {
            "type": "array",
            "items": {
              "$ref": "#/components/schemas/SiteProductModel"
            },
            "nullable": true
          }
        },
        "additionalProperties": false
      },
      "SortOrderEnum": {
        "enum": [
          "None",
          "Asc",
          "Desc"
        ],
        "type": "string"
      },
      "UpdateGasPumpCommand": {
        "type": "object",
        "properties": {
          "gasPumpId": {
            "type": "integer",
            "format": "int32"
          },
          "storeId": {
            "type": "integer",
            "format": "int32"
          },
          "posId": {
            "type": "integer",
            "format": "int32"
          },
          "pumpNumber": {
            "type": "string",
            "nullable": true
          },
          "pumpSystemId": {
            "type": "string",
            "nullable": true
          },
          "qrCode": {
            "type": "string",
            "nullable": true
          },
          "barCode": {
            "type": "string",
            "nullable": true
          },
          "isActive": {
            "type": "boolean"
          }
        },
        "additionalProperties": false
      },
      "UpdateHostConfigrationCommand": {
        "type": "object",
        "properties": {
          "configId": {
            "type": "integer",
            "format": "int32"
          },
          "interface": {
            "type": "string",
            "nullable": true
          },
          "programName": {
            "type": "string",
            "nullable": true
          },
          "merchantId": {
            "type": "integer",
            "format": "int32"
          },
          "authenticationType": {
            "type": "string",
            "nullable": true
          },
          "siteTerminalId": {
            "type": "string",
            "nullable": true
          },
          "locationId": {
            "type": "string",
            "nullable": true
          },
          "storeId": {
            "type": "integer",
            "format": "int32"
          },
          "settlementEmpNumber": {
            "type": "string",
            "nullable": true
          },
          "settlementPasscode": {
            "type": "string",
            "nullable": true
          },
          "phoneNumber": {
            "type": "string",
            "nullable": true
          },
          "domainName": {
            "type": "string",
            "nullable": true
          },
          "heartbeatfrequency": {
            "type": "string",
            "nullable": true
          },
          "heartbeatTimeUnit": {
            "type": "string",
            "nullable": true
          },
          "sslAllow": {
            "type": "boolean"
          },
          "outdoorAuthenticationTimeout": {
            "type": "integer",
            "format": "int32"
          },
          "siteLoyality": {
            "type": "string",
            "nullable": true
          },
          "isActive": {
            "type": "boolean"
          },
          "mnspId": {
            "type": "string",
            "nullable": true
          },
          "mnsp": {
            "type": "string",
            "nullable": true
          }
        },
        "additionalProperties": false
      },
      "UpdatePosCommand": {
        "type": "object",
        "properties": {
          "posId": {
            "type": "integer",
            "format": "int32"
          },
          "storeId": {
            "type": "integer",
            "format": "int32"
          },
          "stationNumber": {
            "type": "string",
            "nullable": true
          },
          "stationSystemId": {
            "type": "string",
            "nullable": true
          },
          "stationIPAddress": {
            "type": "string",
            "nullable": true
          },
          "qrCode": {
            "type": "string",
            "nullable": true
          },
          "barCode": {
            "type": "string",
            "nullable": true
          },
          "networkType": {
            "type": "string",
            "nullable": true
          },
          "port": {
            "type": "string",
            "nullable": true
          },
          "isActive": {
            "type": "boolean"
          }
        },
        "additionalProperties": false
      },
      "ValidationProblemDetails": {
        "type": "object",
        "properties": {
          "type": {
            "type": "string",
            "nullable": true
          },
          "title": {
            "type": "string",
            "nullable": true
          },
          "status": {
            "type": "integer",
            "format": "int32",
            "nullable": true
          },
          "detail": {
            "type": "string",
            "nullable": true
          },
          "instance": {
            "type": "string",
            "nullable": true
          },
          "errors": {
            "type": "object",
            "additionalProperties": {
              "type": "array",
              "items": {
                "type": "string"
              }
            },
            "nullable": true
          }
        },
        "additionalProperties": { }
      }
    },
    "securitySchemes": {
      "Bearer": {
        "type": "apiKey",
        "description": "Please insert JWT with Bearer into field",
        "name": "Authorization",
        "in": "header"
      }
    }
  },
  "security": [
    {
      "Bearer": [
        "Bearer"
      ]
    }
  ]
}