
{
  "header": {
    "reportVersion": 1,
    "event": "Allocation failed - JavaScript heap out of memory",
    "trigger": "FatalError",
    "filename": "report.20230615.161918.5456.0.001.json",
    "dumpEventTime": "2023-06-15T16:19:18Z",
    "dumpEventTimeStamp": "1686826158949",
    "processId": 5456,
    "cwd": "D:\\SpiTech\\SpiTech_dev\\WebPortal-Angular",
    "commandLine": [
      "node",
      "D:\\SpiTech\\SpiTech_dev\\WebPortal-Angular\\node_modules\\.bin\\\\..\\@angular\\cli\\bin\\ng",
      "serve",
      "--host",
      "0.0.0.0",
      "--disableHostCheck",
      "true",
      "--port",
      "4019",
      "--open"
    ],
    "nodejsVersion": "v12.14.0",
    "wordSize": 64,
    "arch": "x64",
    "platform": "win32",
    "componentVersions": {
      "node": "12.14.0",
      "v8": "7.7.299.13-node.16",
      "uv": "1.33.1",
      "zlib": "1.2.11",
      "brotli": "1.0.7",
      "ares": "1.15.0",
      "modules": "72",
      "nghttp2": "1.39.2",
      "napi": "5",
      "llhttp": "1.1.4",
      "http_parser": "2.8.0",
      "openssl": "1.1.1d",
      "cldr": "35.1",
      "icu": "64.2",
      "tz": "2019c",
      "unicode": "12.1"
    },
    "release": {
      "name": "node",
      "lts": "Erbium",
      "headersUrl": "https://nodejs.org/download/release/v12.14.0/node-v12.14.0-headers.tar.gz",
      "sourceUrl": "https://nodejs.org/download/release/v12.14.0/node-v12.14.0.tar.gz",
      "libUrl": "https://nodejs.org/download/release/v12.14.0/win-x64/node.lib"
    },
    "osName": "Windows_NT",
    "osRelease": "10.0.19045",
    "osVersion": "Windows 10 Pro",
    "osMachine": "x86_64",
    "cpus": [
      {
        "model": "Intel(R) Core(TM) i5-6300U CPU @ 2.40GHz",
        "speed": 2496,
        "user": 441453,
        "nice": 0,
        "sys": 213375,
        "idle": 1265843,
        "irq": 16515
      },
      {
        "model": "Intel(R) Core(TM) i5-6300U CPU @ 2.40GHz",
        "speed": 2496,
        "user": 418234,
        "nice": 0,
        "sys": 161156,
        "idle": 1341078,
        "irq": 3343
      },
      {
        "model": "Intel(R) Core(TM) i5-6300U CPU @ 2.40GHz",
        "speed": 2496,
        "user": 464953,
        "nice": 0,
        "sys": 211046,
        "idle": 1244468,
        "irq": 22406
      },
      {
        "model": "Intel(R) Core(TM) i5-6300U CPU @ 2.40GHz",
        "speed": 2496,
        "user": 459671,
        "nice": 0,
        "sys": 154281,
        "idle": 1306515,
        "irq": 1796
      }
    ],
    "networkInterfaces": [
      {
        "name": "Wi-Fi",
        "internal": false,
        "mac": "b4:d5:bd:a5:c7:b5",
        "address": "2409:40d0:1011:5742:4360:4e03:d446:3583",
        "netmask": "ffff:ffff:ffff:ffff::",
        "family": "IPv6",
        "scopeid": 0
      },
      {
        "name": "Wi-Fi",
        "internal": false,
        "mac": "b4:d5:bd:a5:c7:b5",
        "address": "2409:40d0:1011:5742:48b3:fea7:9768:24be",
        "netmask": "ffff:ffff:ffff:ffff:ffff:ffff:ffff:ffff",
        "family": "IPv6",
        "scopeid": 0
      },
      {
        "name": "Wi-Fi",
        "internal": false,
        "mac": "b4:d5:bd:a5:c7:b5",
        "address": "fe80::ce8b:7205:faa9:27d8",
        "netmask": "ffff:ffff:ffff:ffff::",
        "family": "IPv6",
        "scopeid": 7
      },
      {
        "name": "Wi-Fi",
        "internal": false,
        "mac": "b4:d5:bd:a5:c7:b5",
        "address": "192.168.106.103",
        "netmask": "255.255.255.0",
        "family": "IPv4"
      },
      {
        "name": "Loopback Pseudo-Interface 1",
        "internal": true,
        "mac": "00:00:00:00:00:00",
        "address": "::1",
        "netmask": "ffff:ffff:ffff:ffff:ffff:ffff:ffff:ffff",
        "family": "IPv6",
        "scopeid": 0
      },
      {
        "name": "Loopback Pseudo-Interface 1",
        "internal": true,
        "mac": "00:00:00:00:00:00",
        "address": "127.0.0.1",
        "netmask": "255.0.0.0",
        "family": "IPv4"
      }
    ],
    "host": "DESKTOP-80L55M9"
  },
  "javascriptStack": {
    "message": "No stack.",
    "stack": [
      "Unavailable."
    ]
  },
  "nativeStack": [
    {
      "pc": "0x00007ff7f5e81729",
      "symbol": "std::basic_ostream<char,std::char_traits<char> >::operator<<+10873"
    },
    {
      "pc": "0x00007ff7f5e85b4c",
      "symbol": "std::basic_ostream<char,std::char_traits<char> >::operator<<+28316"
    },
    {
      "pc": "0x00007ff7f5e84b08",
      "symbol": "std::basic_ostream<char,std::char_traits<char> >::operator<<+24152"
    },
    {
      "pc": "0x00007ff7f5f7369b",
      "symbol": "v8::base::CPU::has_sse+37723"
    },
    {
      "pc": "0x00007ff7f67782de",
      "symbol": "v8::Isolate::ReportExternalAllocationLimitReached+94"
    },
    {
      "pc": "0x00007ff7f6760321",
      "symbol": "v8::SharedArrayBuffer::Externalize+833"
    },
    {
      "pc": "0x00007ff7f662dbec",
      "symbol": "v8::internal::Heap::EphemeronKeyWriteBarrierFromCode+1436"
    },
    {
      "pc": "0x00007ff7f6638f90",
      "symbol": "v8::internal::Heap::ProtectUnprotectedMemoryChunks+1312"
    },
    {
      "pc": "0x00007ff7f6635ac4",
      "symbol": "v8::internal::Heap::PageFlagsAreConsistent+3204"
    },
    {
      "pc": "0x00007ff7f662b353",
      "symbol": "v8::internal::Heap::CollectGarbage+1283"
    },
    {
      "pc": "0x00007ff7f6629b24",
      "symbol": "v8::internal::Heap::AddRetainedMap+2356"
    },
    {
      "pc": "0x00007ff7f6643c2e",
      "symbol": "v8::internal::Factory::AllocateRawFixedArray+94"
    },
    {
      "pc": "0x00007ff7f664afc4",
      "symbol": "v8::internal::Factory::NewFixedArrayWithFiller+52"
    },
    {
      "pc": "0x00007ff7f664af81",
      "symbol": "v8::internal::Factory::NewUninitializedFixedArray+65"
    },
    {
      "pc": "0x00007ff7f652bdaf",
      "symbol": "v8::Object::GetIsolate+6767"
    },
    {
      "pc": "0x00007ff7f63df13a",
      "symbol": "v8::internal::OrderedHashMap::ValueAt+61274"
    },
    {
      "pc": "0x00007ff7f6ba404d",
      "symbol": "v8::internal::SetupIsolateDelegate::SetupHeap+567949"
    },
    {
      "pc": "0x00000114ead6c977",
      "symbol": ""
    }
  ],
  "javascriptHeap": {
    "totalMemory": 2177536000,
    "totalCommittedMemory": 2177536000,
    "usedMemory": 2124517048,
    "availableMemory": 64263152,
    "memoryLimit": 2197815296,
    "heapSpaces": {
      "read_only_space": {
        "memorySize": 262144,
        "committedMemory": 262144,
        "capacity": 261872,
        "used": 32296,
        "available": 229576
      },
      "new_space": {
        "memorySize": 17825792,
        "committedMemory": 17825792,
        "capacity": 8903648,
        "used": 0,
        "available": 8903648
      },
      "old_space": {
        "memorySize": 1232973824,
        "committedMemory": 1232973824,
        "capacity": 1230558376,
        "used": 1204611392,
        "available": 25946984
      },
      "code_space": {
        "memorySize": 6717440,
        "committedMemory": 6717440,
        "capacity": 5788832,
        "used": 5788832,
        "available": 0
      },
      "map_space": {
        "memorySize": 9179136,
        "committedMemory": 9179136,
        "capacity": 5726240,
        "used": 5726240,
        "available": 0
      },
      "large_object_space": {
        "memorySize": 909955072,
        "committedMemory": 909955072,
        "capacity": 907807888,
        "used": 907807888,
        "available": 0
      },
      "code_large_object_space": {
        "memorySize": 622592,
        "committedMemory": 622592,
        "capacity": 550400,
        "used": 550400,
        "available": 0
      },
      "new_large_object_space": {
        "memorySize": 0,
        "committedMemory": 0,
        "capacity": 8903648,
        "used": 0,
        "available": 8903648
      }
    }
  },
  "resourceUsage": {
    "userCpuSeconds": 454.046,
    "kernelCpuSeconds": 32.14,
    "cpuConsumptionPercent": 227.19,
    "maxRss": 2741239808,
    "pageFaults": {
      "IORequired": 2683880,
      "IONotRequired": 0
    },
    "fsActivity": {
      "reads": 77598,
      "writes": 16
    }
  },
  "libuv": [
  ],
  "environmentVariables": {
    "=C:": "C:\\",
    "=D:": "D:\\SpiTech\\SpiTech_dev\\WebPortal-Angular",
    "ALLUSERSPROFILE": "C:\\ProgramData",
    "APPDATA": "C:\\Users\\Lenovo\\AppData\\Roaming",
    "BROWSERSLIST_IGNORE_OLD_DATA": "1",
    "ChocolateyInstall": "C:\\ProgramData\\chocolatey",
    "ChocolateyLastPathUpdate": "133222178585300608",
    "CommonProgramFiles": "C:\\Program Files\\Common Files",
    "CommonProgramFiles(x86)": "C:\\Program Files (x86)\\Common Files",
    "CommonProgramW6432": "C:\\Program Files\\Common Files",
    "COMPUTERNAME": "DESKTOP-80L55M9",
    "ComSpec": "C:\\Windows\\system32\\cmd.exe",
    "dp0": "D:\\SpiTech\\SpiTech_dev\\WebPortal-Angular\\node_modules\\.bin\\",
    "DriverData": "C:\\Windows\\System32\\Drivers\\DriverData",
    "ERLANG_HOME": "C:\\Program Files\\erl-24.0",
    "HOME": "C:\\Users\\Lenovo",
    "HOMEDRIVE": "C:",
    "HOMEPATH": "\\Users\\Lenovo",
    "INIT_CWD": "D:\\SpiTech\\SpiTech_dev\\WebPortal-Angular",
    "LOCALAPPDATA": "C:\\Users\\Lenovo\\AppData\\Local",
    "LOGONSERVER": "\\\\DESKTOP-80L55M9",
    "NODE": "C:\\Program Files\\nodejs\\node.exe",
    "NODE_EXE": "C:\\Program Files\\nodejs\\\\node.exe",
    "NPM_CLI_JS": "C:\\Users\\Lenovo\\AppData\\Roaming\\npm\\node_modules\\npm\\bin\\npm-cli.js",
    "npm_config_access": "",
    "npm_config_allow_same_version": "",
    "npm_config_also": "",
    "npm_config_always_auth": "",
    "npm_config_argv": "{\"remain\":[],\"cooked\":[\"start\"],\"original\":[\"start\"]}",
    "npm_config_audit": "true",
    "npm_config_audit_level": "low",
    "npm_config_auth_type": "legacy",
    "npm_config_before": "",
    "npm_config_bin_links": "true",
    "npm_config_browser": "",
    "npm_config_ca": "",
    "npm_config_cache": "C:\\Users\\Lenovo\\AppData\\Roaming\\npm-cache",
    "npm_config_cache_lock_retries": "10",
    "npm_config_cache_lock_stale": "60000",
    "npm_config_cache_lock_wait": "10000",
    "npm_config_cache_max": "Infinity",
    "npm_config_cache_min": "10",
    "npm_config_cafile": "",
    "npm_config_cert": "",
    "npm_config_cidr": "",
    "npm_config_color": "true",
    "npm_config_commit_hooks": "true",
    "npm_config_depth": "Infinity",
    "npm_config_description": "true",
    "npm_config_dev": "",
    "npm_config_dry_run": "",
    "npm_config_editor": "notepad.exe",
    "npm_config_engine_strict": "",
    "npm_config_fetch_retries": "2",
    "npm_config_fetch_retry_factor": "10",
    "npm_config_fetch_retry_maxtimeout": "60000",
    "npm_config_fetch_retry_mintimeout": "10000",
    "npm_config_force": "",
    "npm_config_format_package_lock": "true",
    "npm_config_fund": "true",
    "npm_config_git": "git",
    "npm_config_git_tag_version": "true",
    "npm_config_global": "",
    "npm_config_globalconfig": "C:\\Users\\Lenovo\\AppData\\Roaming\\npm\\etc\\npmrc",
    "npm_config_globalignorefile": "C:\\Users\\Lenovo\\AppData\\Roaming\\npm\\etc\\npmignore",
    "npm_config_global_style": "",
    "npm_config_group": "",
    "npm_config_ham_it_up": "",
    "npm_config_heading": "npm",
    "npm_config_https_proxy": "",
    "npm_config_if_present": "",
    "npm_config_ignore_prepublish": "",
    "npm_config_ignore_scripts": "",
    "npm_config_init_author_email": "",
    "npm_config_init_author_name": "",
    "npm_config_init_author_url": "",
    "npm_config_init_license": "ISC",
    "npm_config_init_module": "C:\\Users\\Lenovo\\.npm-init.js",
    "npm_config_init_version": "1.0.0",
    "npm_config_json": "",
    "npm_config_key": "",
    "npm_config_legacy_bundling": "",
    "npm_config_link": "",
    "npm_config_local_address": "",
    "npm_config_loglevel": "notice",
    "npm_config_logs_max": "10",
    "npm_config_long": "",
    "npm_config_maxsockets": "50",
    "npm_config_message": "%s",
    "npm_config_metrics_registry": "https://registry.npmjs.org/",
    "npm_config_node_gyp": "C:\\Users\\Lenovo\\AppData\\Roaming\\npm\\node_modules\\npm\\node_modules\\node-gyp\\bin\\node-gyp.js",
    "npm_config_node_options": "",
    "npm_config_node_version": "12.14.0",
    "npm_config_noproxy": "",
    "npm_config_offline": "",
    "npm_config_onload_script": "",
    "npm_config_only": "",
    "npm_config_optional": "true",
    "npm_config_otp": "",
    "npm_config_package_lock": "true",
    "npm_config_package_lock_only": "",
    "npm_config_parseable": "",
    "npm_config_prefer_offline": "",
    "npm_config_prefer_online": "",
    "npm_config_prefix": "C:\\Users\\Lenovo\\AppData\\Roaming\\npm",
    "npm_config_preid": "",
    "npm_config_production": "",
    "npm_config_progress": "true",
    "npm_config_proxy": "",
    "npm_config_read_only": "",
    "npm_config_rebuild_bundle": "true",
    "npm_config_registry": "https://registry.npmjs.org/",
    "npm_config_rollback": "true",
    "npm_config_save": "true",
    "npm_config_save_bundle": "",
    "npm_config_save_dev": "",
    "npm_config_save_exact": "",
    "npm_config_save_optional": "",
    "npm_config_save_prefix": "^",
    "npm_config_save_prod": "",
    "npm_config_scope": "",
    "npm_config_scripts_prepend_node_path": "warn-only",
    "npm_config_script_shell": "",
    "npm_config_searchexclude": "",
    "npm_config_searchlimit": "20",
    "npm_config_searchopts": "",
    "npm_config_searchstaleness": "900",
    "npm_config_send_metrics": "",
    "npm_config_shell": "C:\\Windows\\system32\\cmd.exe",
    "npm_config_shrinkwrap": "true",
    "npm_config_sign_git_commit": "",
    "npm_config_sign_git_tag": "",
    "npm_config_sso_poll_frequency": "500",
    "npm_config_sso_type": "oauth",
    "npm_config_strict_ssl": "true",
    "npm_config_tag": "latest",
    "npm_config_tag_version_prefix": "v",
    "npm_config_timing": "",
    "npm_config_tmp": "C:\\Users\\Lenovo\\AppData\\Local\\Temp",
    "npm_config_umask": "0000",
    "npm_config_unicode": "",
    "npm_config_unsafe_perm": "true",
    "npm_config_update_notifier": "true",
    "npm_config_usage": "",
    "npm_config_user": "",
    "npm_config_userconfig": "C:\\Users\\Lenovo\\.npmrc",
    "npm_config_user_agent": "npm/6.13.4 node/v12.14.0 win32 x64",
    "npm_config_version": "",
    "npm_config_versions": "",
    "npm_config_viewer": "browser",
    "npm_execpath": "C:\\Users\\Lenovo\\AppData\\Roaming\\npm\\node_modules\\npm\\bin\\npm-cli.js",
    "npm_lifecycle_event": "start",
    "npm_lifecycle_script": "ng serve --host 0.0.0.0 --disableHostCheck true --port 4019 --open",
    "npm_node_execpath": "C:\\Program Files\\nodejs\\node.exe",
    "npm_package_dependencies_angular_auth_oidc_client": "^11.1.1",
    "npm_package_dependencies_bootstrap": "^5.1.3",
    "npm_package_dependencies_cap_livechat_sf": "0.0.7",
    "npm_package_dependencies_chart_js": "^4.3.0",
    "npm_package_dependencies_file_saver": "^2.0.5",
    "npm_package_dependencies_jspdf": "^2.5.0",
    "npm_package_dependencies_lodash": "^4.17.21",
    "npm_package_dependencies_moment": "^2.29.1",
    "npm_package_dependencies_ng2_search_filter": "^0.5.1",
    "npm_package_dependencies_ngx_chips": "^2.2.2",
    "npm_package_dependencies_ngx_google_places_autocomplete": "^2.0.5",
    "npm_package_dependencies_ngx_infinite_scroll": "^14.0.0",
    "npm_package_dependencies_ngx_mask": "^12.0.0",
    "npm_package_dependencies_ngx_material_timepicker": "^5.5.3",
    "npm_package_dependencies_ngx_mat_select_search": "^4.0.1",
    "npm_package_dependencies_ngx_scrollbar": "^7.6.1",
    "npm_package_dependencies_ngx_spinner": "^12.0.0",
    "npm_package_dependencies_ngx_toastr": "^14.2.2",
    "npm_package_dependencies_ng_multiselect_dropdown": "^0.3.7",
    "npm_package_dependencies_rxjs": "~6.6.0",
    "npm_package_dependencies_subsink": "^1.0.2",
    "npm_package_dependencies_tslib": "^2.2.0",
    "npm_package_dependencies_xlsx": "^0.18.5",
    "npm_package_dependencies_zone_js": "~0.11.4",
    "npm_package_dependencies__agm_core": "^3.0.0-beta.0",
    "npm_package_dependencies__angular_animations": "~12.1.0",
    "npm_package_dependencies__angular_cdk": "^12.1.4",
    "npm_package_dependencies__angular_common": "~12.1.0",
    "npm_package_dependencies__angular_compiler": "~12.1.0",
    "npm_package_dependencies__angular_core": "~12.1.0",
    "npm_package_dependencies__angular_flex_layout": "^12.0.0-beta.34",
    "npm_package_dependencies__angular_forms": "~12.1.0",
    "npm_package_dependencies__angular_localize": "^14.0.2",
    "npm_package_dependencies__angular_material": "^12.1.4",
    "npm_package_dependencies__angular_material_moment_adapter": "^13.1.0",
    "npm_package_dependencies__angular_platform_browser": "~12.1.0",
    "npm_package_dependencies__angular_platform_browser_dynamic": "~12.1.0",
    "npm_package_dependencies__angular_router": "~12.1.0",
    "npm_package_dependencies__rxweb_reactive_form_validators": "^2.1.7",
    "npm_package_dependencies__swimlane_ngx_charts": "^20.3.1",
    "npm_package_dependencies__types_chart_js": "^2.9.37",
    "npm_package_dependencies__types_googlemaps": "^3.43.3",
    "npm_package_description": "TODO: Give a short introduction of your project. Let this section explain the objectives or the motivation behind this project.",
    "npm_package_devDependencies_jasmine_core": "~3.8.0",
    "npm_package_devDependencies_karma": "~6.3.0",
    "npm_package_devDependencies_karma_chrome_launcher": "~3.1.0",
    "npm_package_devDependencies_karma_coverage": "~2.0.3",
    "npm_package_devDependencies_karma_jasmine": "~4.0.0",
    "npm_package_devDependencies_karma_jasmine_html_reporter": "~1.7.0",
    "npm_package_devDependencies_typescript": "~4.3.2",
    "npm_package_devDependencies__angular_cli": "~12.1.4",
    "npm_package_devDependencies__angular_compiler_cli": "~12.1.0",
    "npm_package_devDependencies__angular_devkit_build_angular": "~12.1.4",
    "npm_package_devDependencies__types_d3_scale": "^4.0.3",
    "npm_package_devDependencies__types_d3_shape": "^3.1.1",
    "npm_package_devDependencies__types_file_saver": "^2.0.5",
    "npm_package_devDependencies__types_jasmine": "~3.8.0",
    "npm_package_devDependencies__types_lodash": "^4.14.176",
    "npm_package_devDependencies__types_node": "^12.11.1",
    "npm_package_gitHead": "e99db3fdd6ccad69f96b409435f9b42364ad5c5c",
    "npm_package_name": "papi-pay",
    "npm_package_private": "true",
    "npm_package_readmeFilename": "README.md",
    "npm_package_scripts_build": "ng build",
    "npm_package_scripts_build_uat": "ng build --configuration uat",
    "npm_package_scripts_mserve": "set NODE_OPTIONS=--max_old_space_size=8192 & ng serve --open",
    "npm_package_scripts_ng": "ng",
    "npm_package_scripts_start": "ng serve --host 0.0.0.0 --disableHostCheck true --port 4019 --open",
    "npm_package_scripts_test": "ng test",
    "npm_package_scripts_watch": "ng build --watch --configuration development",
    "npm_package_version": "0.0.0",
    "NPM_PREFIX_NPM_CLI_JS": "C:\\Users\\Lenovo\\AppData\\Roaming\\npm\\node_modules\\npm\\bin\\npm-cli.js",
    "NUMBER_OF_PROCESSORS": "4",
    "OneDrive": "C:\\Users\\Lenovo\\OneDrive",
    "OS": "Windows_NT",
    "Path": "C:\\Users\\Lenovo\\AppData\\Roaming\\npm\\node_modules\\npm\\node_modules\\npm-lifecycle\\node-gyp-bin;D:\\SpiTech\\SpiTech_dev\\WebPortal-Angular\\node_modules\\.bin;C:\\Python27\\;C:\\Python27\\Scripts;C:\\Windows\\system32;C:\\Windows;C:\\Windows\\System32\\Wbem;C:\\Windows\\System32\\WindowsPowerShell\\v1.0\\;C:\\Windows\\System32\\OpenSSH\\;C:\\Program Files\\Microsoft SQL Server\\150\\Tools\\Binn\\;C:\\Program Files\\Microsoft SQL Server\\Client SDK\\ODBC\\170\\Tools\\Binn\\;C:\\Program Files\\dotnet\\;C:\\Program Files (x86)\\Microsoft SQL Server\\160\\DTS\\Binn\\;C:\\Program Files\\Azure Data Studio\\bin;C:\\Program Files\\Git\\cmd;C:\\Program Files\\Microsoft SQL Server\\130\\Tools\\Binn\\;C:\\ProgramData\\chocolatey\\bin;C:\\Program Files (x86)\\Microsoft SQL Server\\150\\Tools\\Binn\\;C:\\Program Files (x86)\\Microsoft SQL Server\\150\\DTS\\Binn\\;C:\\Program Files\\Microsoft SQL Server\\150\\DTS\\Binn\\;C:\\Program Files\\nodejs\\;C:\\Users\\Lenovo\\AppData\\Local\\Microsoft\\WindowsApps;C:\\Users\\Lenovo\\.dotnet\\tools;C:\\Users\\Lenovo\\AppData\\Local\\Programs\\Microsoft VS Code\\bin;C:\\Users\\Lenovo\\AppData\\Roaming\\npm",
    "PATHEXT": ".COM;.EXE;.BAT;.CMD;.VBS;.VBE;.JSE;.WSF;.WSH;.MSC",
    "PROCESSOR_ARCHITECTURE": "AMD64",
    "PROCESSOR_IDENTIFIER": "Intel64 Family 6 Model 78 Stepping 3, GenuineIntel",
    "PROCESSOR_LEVEL": "6",
    "PROCESSOR_REVISION": "4e03",
    "ProgramData": "C:\\ProgramData",
    "ProgramFiles": "C:\\Program Files",
    "ProgramFiles(x86)": "C:\\Program Files (x86)",
    "ProgramW6432": "C:\\Program Files",
    "PROMPT": "$P$G",
    "PSModulePath": "C:\\Program Files\\WindowsPowerShell\\Modules;C:\\Windows\\system32\\WindowsPowerShell\\v1.0\\Modules;C:\\Program Files (x86)\\Microsoft SQL Server\\150\\Tools\\PowerShell\\Modules\\",
    "PUBLIC": "C:\\Users\\Public",
    "SystemDrive": "C:",
    "SystemRoot": "C:\\Windows",
    "TEMP": "C:\\Users\\Lenovo\\AppData\\Local\\Temp",
    "TMP": "C:\\Users\\Lenovo\\AppData\\Local\\Temp",
    "USERDOMAIN": "DESKTOP-80L55M9",
    "USERDOMAIN_ROAMINGPROFILE": "DESKTOP-80L55M9",
    "USERNAME": "Lenovo",
    "USERPROFILE": "C:\\Users\\Lenovo",
    "WEBPACK_DEV_SERVER": "true",
    "windir": "C:\\Windows",
    "_prog": "node"
  },
  "sharedObjects": [
    "C:\\Program Files\\nodejs\\node.exe",
    "C:\\Windows\\SYSTEM32\\ntdll.dll",
    "C:\\Windows\\System32\\KERNEL32.DLL",
    "C:\\Windows\\System32\\KERNELBASE.dll",
    "C:\\Windows\\System32\\WS2_32.dll",
    "C:\\Windows\\System32\\RPCRT4.dll",
    "C:\\Windows\\SYSTEM32\\dbghelp.dll",
    "C:\\Windows\\System32\\ADVAPI32.dll",
    "C:\\Windows\\System32\\ucrtbase.dll",
    "C:\\Windows\\System32\\msvcrt.dll",
    "C:\\Windows\\System32\\sechost.dll",
    "C:\\Windows\\System32\\USER32.dll",
    "C:\\Windows\\System32\\win32u.dll",
    "C:\\Windows\\System32\\GDI32.dll",
    "C:\\Windows\\System32\\gdi32full.dll",
    "C:\\Windows\\System32\\msvcp_win.dll",
    "C:\\Windows\\System32\\PSAPI.DLL",
    "C:\\Windows\\System32\\CRYPT32.dll",
    "C:\\Windows\\System32\\bcrypt.dll",
    "C:\\Windows\\SYSTEM32\\IPHLPAPI.DLL",
    "C:\\Windows\\SYSTEM32\\USERENV.dll",
    "C:\\Windows\\SYSTEM32\\WINMM.dll",
    "C:\\Windows\\System32\\IMM32.DLL",
    "C:\\Windows\\SYSTEM32\\powrprof.dll",
    "C:\\Windows\\SYSTEM32\\UMPDC.dll",
    "C:\\Windows\\SYSTEM32\\CRYPTBASE.DLL",
    "C:\\Windows\\system32\\uxtheme.dll",
    "C:\\Windows\\System32\\combase.dll",
    "C:\\Windows\\system32\\mswsock.dll",
    "C:\\Windows\\SYSTEM32\\kernel.appcore.dll",
    "C:\\Windows\\System32\\bcryptprimitives.dll",
    "C:\\Windows\\System32\\NSI.dll",
    "C:\\Windows\\SYSTEM32\\dhcpcsvc6.DLL",
    "C:\\Windows\\SYSTEM32\\dhcpcsvc.DLL",
    "C:\\Windows\\SYSTEM32\\DNSAPI.dll",
    "C:\\Windows\\system32\\napinsp.dll",
    "C:\\Windows\\system32\\pnrpnsp.dll",
    "C:\\Windows\\system32\\wshbth.dll",
    "C:\\Windows\\system32\\NLAapi.dll",
    "C:\\Windows\\System32\\winrnr.dll"
  ]
}