
{
  "header": {
    "reportVersion": 1,
    "event": "Allocation failed - JavaScript heap out of memory",
    "trigger": "FatalError",
    "filename": "report.20230621.125510.16324.0.001.json",
    "dumpEventTime": "2023-06-21T12:55:10Z",
    "dumpEventTimeStamp": "1687332310076",
    "processId": 16324,
    "cwd": "D:\\Ravi\\dev\\WebPortal-Angular",
    "commandLine": [
      "node",
      "D:\\Ravi\\dev\\WebPortal-Angular\\node_modules\\.bin\\\\..\\@angular\\cli\\bin\\ng",
      "serve",
      "--host",
      "0.0.0.0",
      "--disableHostCheck",
      "true",
      "--port",
      "4019",
      "--open"
    ],
    "nodejsVersion": "v12.14.0",
    "wordSize": 64,
    "arch": "x64",
    "platform": "win32",
    "componentVersions": {
      "node": "12.14.0",
      "v8": "7.7.299.13-node.16",
      "uv": "1.33.1",
      "zlib": "1.2.11",
      "brotli": "1.0.7",
      "ares": "1.15.0",
      "modules": "72",
      "nghttp2": "1.39.2",
      "napi": "5",
      "llhttp": "1.1.4",
      "http_parser": "2.8.0",
      "openssl": "1.1.1d",
      "cldr": "35.1",
      "icu": "64.2",
      "tz": "2019c",
      "unicode": "12.1"
    },
    "release": {
      "name": "node",
      "lts": "Erbium",
      "headersUrl": "https://nodejs.org/download/release/v12.14.0/node-v12.14.0-headers.tar.gz",
      "sourceUrl": "https://nodejs.org/download/release/v12.14.0/node-v12.14.0.tar.gz",
      "libUrl": "https://nodejs.org/download/release/v12.14.0/win-x64/node.lib"
    },
    "osName": "Windows_NT",
    "osRelease": "10.0.19045",
    "osVersion": "Windows 10 Enterprise",
    "osMachine": "x86_64",
    "cpus": [
      {
        "model": "Intel(R) Core(TM) i5-3330 CPU @ 3.00GHz",
        "speed": 2993,
        "user": 11151359,
        "nice": 0,
        "sys": 7867531,
        "idle": 512578578,
        "irq": 773484
      },
      {
        "model": "Intel(R) Core(TM) i5-3330 CPU @ 3.00GHz",
        "speed": 2993,
        "user": 13540343,
        "nice": 0,
        "sys": 12300156,
        "idle": 505756796,
        "irq": 152265
      },
      {
        "model": "Intel(R) Core(TM) i5-3330 CPU @ 3.00GHz",
        "speed": 2993,
        "user": 14085500,
        "nice": 0,
        "sys": 7426718,
        "idle": 510085078,
        "irq": 131796
      },
      {
        "model": "Intel(R) Core(TM) i5-3330 CPU @ 3.00GHz",
        "speed": 2993,
        "user": 15143375,
        "nice": 0,
        "sys": 8163468,
        "idle": 508290453,
        "irq": 153109
      }
    ],
    "networkInterfaces": [
      {
        "name": "Ethernet",
        "internal": false,
        "mac": "f0:92:1c:f4:e8:3d",
        "address": "fe80::d877:e057:7e8e:2e3b",
        "netmask": "ffff:ffff:ffff:ffff::",
        "family": "IPv6",
        "scopeid": 7
      },
      {
        "name": "Ethernet",
        "internal": false,
        "mac": "f0:92:1c:f4:e8:3d",
        "address": "100.100.7.190",
        "netmask": "255.255.254.0",
        "family": "IPv4"
      },
      {
        "name": "Loopback Pseudo-Interface 1",
        "internal": true,
        "mac": "00:00:00:00:00:00",
        "address": "::1",
        "netmask": "ffff:ffff:ffff:ffff:ffff:ffff:ffff:ffff",
        "family": "IPv6",
        "scopeid": 0
      },
      {
        "name": "Loopback Pseudo-Interface 1",
        "internal": true,
        "mac": "00:00:00:00:00:00",
        "address": "127.0.0.1",
        "netmask": "255.0.0.0",
        "family": "IPv4"
      }
    ],
    "host": "DESKTOP-K2N0LKC"
  },
  "javascriptStack": {
    "message": "No stack.",
    "stack": [
      "Unavailable."
    ]
  },
  "nativeStack": [
    {
      "pc": "0x00007ff73c631729",
      "symbol": "std::basic_ostream<char,std::char_traits<char> >::operator<<+10873"
    },
    {
      "pc": "0x00007ff73c635b4c",
      "symbol": "std::basic_ostream<char,std::char_traits<char> >::operator<<+28316"
    },
    {
      "pc": "0x00007ff73c634b08",
      "symbol": "std::basic_ostream<char,std::char_traits<char> >::operator<<+24152"
    },
    {
      "pc": "0x00007ff73c72369b",
      "symbol": "v8::base::CPU::has_sse+37723"
    },
    {
      "pc": "0x00007ff73cf282de",
      "symbol": "v8::Isolate::ReportExternalAllocationLimitReached+94"
    },
    {
      "pc": "0x00007ff73cf10321",
      "symbol": "v8::SharedArrayBuffer::Externalize+833"
    },
    {
      "pc": "0x00007ff73cdddbec",
      "symbol": "v8::internal::Heap::EphemeronKeyWriteBarrierFromCode+1436"
    },
    {
      "pc": "0x00007ff73cde8f90",
      "symbol": "v8::internal::Heap::ProtectUnprotectedMemoryChunks+1312"
    },
    {
      "pc": "0x00007ff73cde5ac4",
      "symbol": "v8::internal::Heap::PageFlagsAreConsistent+3204"
    },
    {
      "pc": "0x00007ff73cddb353",
      "symbol": "v8::internal::Heap::CollectGarbage+1283"
    },
    {
      "pc": "0x00007ff73cdd9b24",
      "symbol": "v8::internal::Heap::AddRetainedMap+2356"
    },
    {
      "pc": "0x00007ff73cdf3c2e",
      "symbol": "v8::internal::Factory::AllocateRawFixedArray+94"
    },
    {
      "pc": "0x00007ff73cdfafc4",
      "symbol": "v8::internal::Factory::NewFixedArrayWithFiller+52"
    },
    {
      "pc": "0x00007ff73cdfaf81",
      "symbol": "v8::internal::Factory::NewUninitializedFixedArray+65"
    },
    {
      "pc": "0x00007ff73ccdbdaf",
      "symbol": "v8::Object::GetIsolate+6767"
    },
    {
      "pc": "0x00007ff73cb8f13a",
      "symbol": "v8::internal::OrderedHashMap::ValueAt+61274"
    },
    {
      "pc": "0x00007ff73d35404d",
      "symbol": "v8::internal::SetupIsolateDelegate::SetupHeap+567949"
    },
    {
      "pc": "0x000000cfa745b337",
      "symbol": ""
    }
  ],
  "javascriptHeap": {
    "totalMemory": 2177765376,
    "totalCommittedMemory": 2177765376,
    "usedMemory": 2133761872,
    "availableMemory": 50494432,
    "memoryLimit": 2197815296,
    "heapSpaces": {
      "read_only_space": {
        "memorySize": 262144,
        "committedMemory": 262144,
        "capacity": 261872,
        "used": 32296,
        "available": 229576
      },
      "new_space": {
        "memorySize": 15728640,
        "committedMemory": 15728640,
        "capacity": 7856160,
        "used": 0,
        "available": 7856160
      },
      "old_space": {
        "memorySize": 1219342336,
        "committedMemory": 1219342336,
        "capacity": 1214151984,
        "used": 1199649368,
        "available": 14502616
      },
      "code_space": {
        "memorySize": 6979584,
        "committedMemory": 6979584,
        "capacity": 6123392,
        "used": 6123392,
        "available": 0
      },
      "map_space": {
        "memorySize": 10489856,
        "committedMemory": 10489856,
        "capacity": 5232000,
        "used": 5232000,
        "available": 0
      },
      "large_object_space": {
        "memorySize": 924340224,
        "committedMemory": 924340224,
        "capacity": 922174416,
        "used": 922174416,
        "available": 0
      },
      "code_large_object_space": {
        "memorySize": 622592,
        "committedMemory": 622592,
        "capacity": 550400,
        "used": 550400,
        "available": 0
      },
      "new_large_object_space": {
        "memorySize": 0,
        "committedMemory": 0,
        "capacity": 7856160,
        "used": 0,
        "available": 7856160
      }
    }
  },
  "resourceUsage": {
    "userCpuSeconds": 405.062,
    "kernelCpuSeconds": 39.89,
    "cpuConsumptionPercent": 180.143,
    "maxRss": 2760015872,
    "pageFaults": {
      "IORequired": 2355435,
      "IONotRequired": 0
    },
    "fsActivity": {
      "reads": 78779,
      "writes": 5
    }
  },
  "libuv": [
  ],
  "environmentVariables": {
    "=C:": "C:\\",
    "=D:": "D:\\Ravi\\dev\\WebPortal-Angular",
    "ALLUSERSPROFILE": "C:\\ProgramData",
    "APPDATA": "C:\\Users\\Ravi Singh\\AppData\\Roaming",
    "BROWSERSLIST_IGNORE_OLD_DATA": "1",
    "ChocolateyInstall": "C:\\ProgramData\\chocolatey",
    "CHROME_CRASHPAD_PIPE_NAME": "\\\\.\\pipe\\LOCAL\\crashpad_10440_TBJKSSZKPOQNXUDG",
    "COLORTERM": "truecolor",
    "CommonProgramFiles": "C:\\Program Files\\Common Files",
    "CommonProgramFiles(x86)": "C:\\Program Files (x86)\\Common Files",
    "CommonProgramW6432": "C:\\Program Files\\Common Files",
    "COMPUTERNAME": "DESKTOP-K2N0LKC",
    "ComSpec": "C:\\WINDOWS\\system32\\cmd.exe",
    "dp0": "D:\\Ravi\\dev\\WebPortal-Angular\\node_modules\\.bin\\",
    "DriverData": "C:\\Windows\\System32\\Drivers\\DriverData",
    "FPS_BROWSER_APP_PROFILE_STRING": "Internet Explorer",
    "FPS_BROWSER_USER_PROFILE_STRING": "Default",
    "FSHARPINSTALLDIR": "C:\\Program Files (x86)\\Microsoft SDKs\\F#\\4.1\\Framework\\v4.0\\",
    "GIT_ASKPASS": "c:\\Users\\Ravi Singh\\AppData\\Local\\Programs\\Microsoft VS Code\\resources\\app\\extensions\\git\\dist\\askpass.sh",
    "HOME": "C:\\Users\\Ravi Singh",
    "HOMEDRIVE": "C:",
    "HOMEPATH": "\\Users\\Ravi Singh",
    "INIT_CWD": "D:\\Ravi\\dev\\WebPortal-Angular",
    "LANG": "en_US.UTF-8",
    "LOCALAPPDATA": "C:\\Users\\Ravi Singh\\AppData\\Local",
    "LOGONSERVER": "\\\\DESKTOP-K2N0LKC",
    "NODE": "C:\\Program Files\\nodejs\\node.exe",
    "NODE_EXE": "C:\\Program Files\\nodejs\\\\node.exe",
    "NPM_CLI_JS": "C:\\Program Files\\nodejs\\\\node_modules\\npm\\bin\\npm-cli.js",
    "npm_config_access": "",
    "npm_config_allow_same_version": "",
    "npm_config_also": "",
    "npm_config_always_auth": "",
    "npm_config_argv": "{\"remain\":[],\"cooked\":[\"start\"],\"original\":[\"start\"]}",
    "npm_config_audit": "true",
    "npm_config_audit_level": "low",
    "npm_config_auth_type": "legacy",
    "npm_config_before": "",
    "npm_config_bin_links": "true",
    "npm_config_browser": "",
    "npm_config_ca": "",
    "npm_config_cache": "C:\\Users\\Ravi Singh\\AppData\\Roaming\\npm-cache",
    "npm_config_cache_lock_retries": "10",
    "npm_config_cache_lock_stale": "60000",
    "npm_config_cache_lock_wait": "10000",
    "npm_config_cache_max": "Infinity",
    "npm_config_cache_min": "10",
    "npm_config_cafile": "",
    "npm_config_cert": "",
    "npm_config_cidr": "",
    "npm_config_color": "true",
    "npm_config_commit_hooks": "true",
    "npm_config_depth": "Infinity",
    "npm_config_description": "true",
    "npm_config_dev": "",
    "npm_config_dry_run": "",
    "npm_config_editor": "notepad.exe",
    "npm_config_engine_strict": "",
    "npm_config_fetch_retries": "2",
    "npm_config_fetch_retry_factor": "10",
    "npm_config_fetch_retry_maxtimeout": "60000",
    "npm_config_fetch_retry_mintimeout": "10000",
    "npm_config_force": "",
    "npm_config_format_package_lock": "true",
    "npm_config_fund": "true",
    "npm_config_git": "git",
    "npm_config_git_tag_version": "true",
    "npm_config_global": "",
    "npm_config_globalconfig": "C:\\Users\\Ravi Singh\\AppData\\Roaming\\npm\\etc\\npmrc",
    "npm_config_globalignorefile": "C:\\Users\\Ravi Singh\\AppData\\Roaming\\npm\\etc\\npmignore",
    "npm_config_global_style": "",
    "npm_config_group": "",
    "npm_config_ham_it_up": "",
    "npm_config_heading": "npm",
    "npm_config_https_proxy": "",
    "npm_config_if_present": "",
    "npm_config_ignore_prepublish": "",
    "npm_config_ignore_scripts": "",
    "npm_config_init_author_email": "",
    "npm_config_init_author_name": "",
    "npm_config_init_author_url": "",
    "npm_config_init_license": "ISC",
    "npm_config_init_module": "C:\\Users\\Ravi Singh\\.npm-init.js",
    "npm_config_init_version": "1.0.0",
    "npm_config_json": "",
    "npm_config_key": "",
    "npm_config_legacy_bundling": "",
    "npm_config_link": "",
    "npm_config_local_address": "",
    "npm_config_loglevel": "notice",
    "npm_config_logs_max": "10",
    "npm_config_long": "",
    "npm_config_maxsockets": "50",
    "npm_config_message": "%s",
    "npm_config_metrics_registry": "https://registry.npmjs.org/",
    "npm_config_node_gyp": "C:\\Program Files\\nodejs\\node_modules\\npm\\node_modules\\node-gyp\\bin\\node-gyp.js",
    "npm_config_node_options": "",
    "npm_config_node_version": "12.14.0",
    "npm_config_noproxy": "",
    "npm_config_offline": "",
    "npm_config_onload_script": "",
    "npm_config_only": "",
    "npm_config_optional": "true",
    "npm_config_otp": "",
    "npm_config_package_lock": "true",
    "npm_config_package_lock_only": "",
    "npm_config_parseable": "",
    "npm_config_prefer_offline": "",
    "npm_config_prefer_online": "",
    "npm_config_prefix": "C:\\Users\\Ravi Singh\\AppData\\Roaming\\npm",
    "npm_config_preid": "",
    "npm_config_production": "",
    "npm_config_progress": "true",
    "npm_config_proxy": "",
    "npm_config_read_only": "",
    "npm_config_rebuild_bundle": "true",
    "npm_config_registry": "https://registry.npmjs.org/",
    "npm_config_rollback": "true",
    "npm_config_save": "true",
    "npm_config_save_bundle": "",
    "npm_config_save_dev": "",
    "npm_config_save_exact": "",
    "npm_config_save_optional": "",
    "npm_config_save_prefix": "^",
    "npm_config_save_prod": "",
    "npm_config_scope": "",
    "npm_config_scripts_prepend_node_path": "warn-only",
    "npm_config_script_shell": "",
    "npm_config_searchexclude": "",
    "npm_config_searchlimit": "20",
    "npm_config_searchopts": "",
    "npm_config_searchstaleness": "900",
    "npm_config_send_metrics": "",
    "npm_config_shell": "C:\\WINDOWS\\system32\\cmd.exe",
    "npm_config_shrinkwrap": "true",
    "npm_config_sign_git_commit": "",
    "npm_config_sign_git_tag": "",
    "npm_config_sso_poll_frequency": "500",
    "npm_config_sso_type": "oauth",
    "npm_config_strict_ssl": "true",
    "npm_config_tag": "latest",
    "npm_config_tag_version_prefix": "v",
    "npm_config_timing": "",
    "npm_config_tmp": "C:\\Users\\RAVISI~1\\AppData\\Local\\Temp",
    "npm_config_umask": "0000",
    "npm_config_unicode": "",
    "npm_config_unsafe_perm": "true",
    "npm_config_update_notifier": "true",
    "npm_config_usage": "",
    "npm_config_user": "",
    "npm_config_userconfig": "C:\\Users\\Ravi Singh\\.npmrc",
    "npm_config_user_agent": "npm/6.13.4 node/v12.14.0 win32 x64",
    "npm_config_version": "",
    "npm_config_versions": "",
    "npm_config_viewer": "browser",
    "npm_execpath": "C:\\Program Files\\nodejs\\node_modules\\npm\\bin\\npm-cli.js",
    "npm_lifecycle_event": "start",
    "npm_lifecycle_script": "ng serve --host 0.0.0.0 --disableHostCheck true --port 4019 --open",
    "npm_node_execpath": "C:\\Program Files\\nodejs\\node.exe",
    "npm_package_dependencies_angular_auth_oidc_client": "^11.1.1",
    "npm_package_dependencies_bootstrap": "^5.1.3",
    "npm_package_dependencies_cap_livechat_sf": "0.0.7",
    "npm_package_dependencies_chart_js": "^4.3.0",
    "npm_package_dependencies_file_saver": "^2.0.5",
    "npm_package_dependencies_jspdf": "^2.5.0",
    "npm_package_dependencies_lodash": "^4.17.21",
    "npm_package_dependencies_moment": "^2.29.1",
    "npm_package_dependencies_ng2_search_filter": "^0.5.1",
    "npm_package_dependencies_ngx_chips": "^2.2.2",
    "npm_package_dependencies_ngx_google_places_autocomplete": "^2.0.5",
    "npm_package_dependencies_ngx_infinite_scroll": "^14.0.0",
    "npm_package_dependencies_ngx_mask": "^12.0.0",
    "npm_package_dependencies_ngx_material_timepicker": "^5.5.3",
    "npm_package_dependencies_ngx_mat_select_search": "^4.0.1",
    "npm_package_dependencies_ngx_order_pipe": "^2.2.0",
    "npm_package_dependencies_ngx_scrollbar": "^7.6.1",
    "npm_package_dependencies_ngx_spinner": "^12.0.0",
    "npm_package_dependencies_ngx_toastr": "^14.2.2",
    "npm_package_dependencies_ng_multiselect_dropdown": "^0.3.7",
    "npm_package_dependencies_rxjs": "~6.6.0",
    "npm_package_dependencies_subsink": "^1.0.2",
    "npm_package_dependencies_tslib": "^2.2.0",
    "npm_package_dependencies_xlsx": "^0.18.5",
    "npm_package_dependencies_zone_js": "~0.11.4",
    "npm_package_dependencies__agm_core": "^3.0.0-beta.0",
    "npm_package_dependencies__angular_animations": "~12.1.0",
    "npm_package_dependencies__angular_cdk": "^12.1.4",
    "npm_package_dependencies__angular_common": "~12.1.0",
    "npm_package_dependencies__angular_compiler": "~12.1.0",
    "npm_package_dependencies__angular_core": "~12.1.0",
    "npm_package_dependencies__angular_flex_layout": "^12.0.0-beta.34",
    "npm_package_dependencies__angular_forms": "~12.1.0",
    "npm_package_dependencies__angular_localize": "^14.0.2",
    "npm_package_dependencies__angular_material": "^12.1.4",
    "npm_package_dependencies__angular_material_moment_adapter": "^13.1.0",
    "npm_package_dependencies__angular_platform_browser": "~12.1.0",
    "npm_package_dependencies__angular_platform_browser_dynamic": "~12.1.0",
    "npm_package_dependencies__angular_router": "~12.1.0",
    "npm_package_dependencies__rxweb_reactive_form_validators": "^2.1.7",
    "npm_package_dependencies__swimlane_ngx_charts": "^20.3.1",
    "npm_package_dependencies__types_chart_js": "^2.9.37",
    "npm_package_dependencies__types_googlemaps": "^3.43.3",
    "npm_package_description": "TODO: Give a short introduction of your project. Let this section explain the objectives or the motivation behind this project.",
    "npm_package_devDependencies_jasmine_core": "~3.8.0",
    "npm_package_devDependencies_karma": "~6.3.0",
    "npm_package_devDependencies_karma_chrome_launcher": "~3.1.0",
    "npm_package_devDependencies_karma_coverage": "~2.0.3",
    "npm_package_devDependencies_karma_jasmine": "~4.0.0",
    "npm_package_devDependencies_karma_jasmine_html_reporter": "~1.7.0",
    "npm_package_devDependencies_typescript": "~4.3.2",
    "npm_package_devDependencies__angular_cli": "~12.1.4",
    "npm_package_devDependencies__angular_compiler_cli": "~12.1.0",
    "npm_package_devDependencies__angular_devkit_build_angular": "~12.1.4",
    "npm_package_devDependencies__types_d3_scale": "^4.0.3",
    "npm_package_devDependencies__types_d3_shape": "^3.1.1",
    "npm_package_devDependencies__types_file_saver": "^2.0.5",
    "npm_package_devDependencies__types_jasmine": "~3.8.0",
    "npm_package_devDependencies__types_lodash": "^4.14.176",
    "npm_package_devDependencies__types_node": "^12.11.1",
    "npm_package_gitHead": "4deae487400f3237ff46d75609ad7d7ede45c8ae",
    "npm_package_name": "papi-pay",
    "npm_package_private": "true",
    "npm_package_readmeFilename": "README.md",
    "npm_package_scripts_build": "ng build",
    "npm_package_scripts_build_uat": "ng build --configuration uat",
    "npm_package_scripts_mserve": "set NODE_OPTIONS=--max_old_space_size=8192 & ng serve --open",
    "npm_package_scripts_ng": "ng",
    "npm_package_scripts_start": "ng serve --host 0.0.0.0 --disableHostCheck true --port 4019 --open",
    "npm_package_scripts_test": "ng test",
    "npm_package_scripts_watch": "ng build --watch --configuration development",
    "npm_package_version": "0.0.0",
    "NPM_PREFIX_NPM_CLI_JS": "C:\\Users\\Ravi Singh\\AppData\\Roaming\\npm\\node_modules\\npm\\bin\\npm-cli.js",
    "NUMBER_OF_PROCESSORS": "4",
    "OneDrive": "C:\\Users\\Ravi Singh\\OneDrive",
    "ORIGINAL_XDG_CURRENT_DESKTOP": "undefined",
    "OS": "Windows_NT",
    "Path": "C:\\Program Files\\nodejs\\node_modules\\npm\\node_modules\\npm-lifecycle\\node-gyp-bin;D:\\Ravi\\dev\\WebPortal-Angular\\node_modules\\.bin;C:\\Python311\\Scripts\\;C:\\Python311\\;C:\\Python39\\Scripts\\;C:\\Python39\\;C:\\Python27\\;C:\\Python27\\Scripts;C:\\WINDOWS\\system32;C:\\WINDOWS;C:\\WINDOWS\\System32\\Wbem;C:\\WINDOWS\\System32\\WindowsPowerShell\\v1.0\\;C:\\WINDOWS\\System32\\OpenSSH\\;C:\\Program Files\\dotnet\\;C:\\Program Files\\Microsoft SQL Server\\130\\Tools\\Binn\\;C:\\Program Files (x86)\\Microsoft SQL Server\\120\\DTS\\Binn\\;C:\\Program Files (x86)\\Microsoft SQL Server\\Client SDK\\ODBC\\110\\Tools\\Binn\\;C:\\Program Files (x86)\\Microsoft SQL Server\\120\\Tools\\Binn\\;C:\\Program Files (x86)\\Microsoft SQL Server\\120\\Tools\\Binn\\ManagementStudio\\;C:\\Program Files\\Git\\cmd;C:\\ProgramData\\chocolatey\\bin;C:\\Program Files (x86)\\Microsoft SQL Server\\150\\DTS\\Binn\\;C:\\Program Files\\Azure Data Studio\\bin;C:\\Program Files\\nodejs\\;C:\\Program Files\\MySQL\\MySQL Shell 8.0\\bin\\;C:\\Users\\Ravi Singh\\AppData\\Local\\Microsoft\\WindowsApps;;C:\\Users\\Ravi Singh\\AppData\\Local\\Programs\\Microsoft VS Code\\bin;C:\\Program Files\\Azure Data Studio\\bin;C:\\Users\\Ravi Singh\\AppData\\Roaming\\npm",
    "PATHEXT": ".COM;.EXE;.BAT;.CMD;.VBS;.VBE;.JSE;.WSF;.WSH;.MSC;.PY;.PYW;.CPL",
    "PROCESSOR_ARCHITECTURE": "AMD64",
    "PROCESSOR_IDENTIFIER": "Intel64 Family 6 Model 58 Stepping 9, GenuineIntel",
    "PROCESSOR_LEVEL": "6",
    "PROCESSOR_REVISION": "3a09",
    "ProgramData": "C:\\ProgramData",
    "ProgramFiles": "C:\\Program Files",
    "ProgramFiles(x86)": "C:\\Program Files (x86)",
    "ProgramW6432": "C:\\Program Files",
    "PROMPT": "$P$G",
    "PSModulePath": "C:\\Users\\Ravi Singh\\Documents\\WindowsPowerShell\\Modules;C:\\Program Files\\WindowsPowerShell\\Modules;C:\\WINDOWS\\system32\\WindowsPowerShell\\v1.0\\Modules;C:\\Program Files\\WindowsPowerShell\\Modules\\;C:\\Program Files (x86)\\Microsoft SDKs\\Azure\\PowerShell\\ResourceManager\\AzureResourceManager\\;C:\\Program Files (x86)\\Microsoft SDKs\\Azure\\PowerShell\\ServiceManagement\\;C:\\Program Files (x86)\\Microsoft SDKs\\Azure\\PowerShell\\Storage\\;C:\\Program Files (x86)\\Microsoft SQL Server\\120\\Tools\\PowerShell\\Modules\\",
    "PUBLIC": "C:\\Users\\Public",
    "SESSIONNAME": "Console",
    "SystemDrive": "C:",
    "SystemRoot": "C:\\WINDOWS",
    "TEMP": "C:\\Users\\RAVISI~1\\AppData\\Local\\Temp",
    "TERM_PROGRAM": "vscode",
    "TERM_PROGRAM_VERSION": "1.76.2",
    "TMP": "C:\\Users\\RAVISI~1\\AppData\\Local\\Temp",
    "USERDOMAIN": "DESKTOP-K2N0LKC",
    "USERDOMAIN_ROAMINGPROFILE": "DESKTOP-K2N0LKC",
    "USERNAME": "Ravi Singh",
    "USERPROFILE": "C:\\Users\\Ravi Singh",
    "VS150PROCOMNTOOLS": "C:\\Program Files (x86)\\Microsoft Visual Studio\\2017\\Professional\\Common7\\Tools\\",
    "VSCODE_GIT_ASKPASS_EXTRA_ARGS": "--ms-enable-electron-run-as-node",
    "VSCODE_GIT_ASKPASS_MAIN": "c:\\Users\\Ravi Singh\\AppData\\Local\\Programs\\Microsoft VS Code\\resources\\app\\extensions\\git\\dist\\askpass-main.js",
    "VSCODE_GIT_ASKPASS_NODE": "C:\\Users\\Ravi Singh\\AppData\\Local\\Programs\\Microsoft VS Code\\Code.exe",
    "VSCODE_GIT_IPC_HANDLE": "\\\\.\\pipe\\vscode-git-e923b5bf39-sock",
    "VSCODE_INJECTION": "1",
    "WEBPACK_DEV_SERVER": "true",
    "windir": "C:\\WINDOWS",
    "_prog": "node"
  },
  "sharedObjects": [
    "C:\\Program Files\\nodejs\\node.exe",
    "C:\\WINDOWS\\SYSTEM32\\ntdll.dll",
    "C:\\WINDOWS\\System32\\KERNEL32.DLL",
    "C:\\WINDOWS\\System32\\KERNELBASE.dll",
    "C:\\WINDOWS\\System32\\WS2_32.dll",
    "C:\\WINDOWS\\System32\\RPCRT4.dll",
    "C:\\WINDOWS\\System32\\ADVAPI32.dll",
    "C:\\WINDOWS\\System32\\msvcrt.dll",
    "C:\\WINDOWS\\SYSTEM32\\dbghelp.dll",
    "C:\\WINDOWS\\System32\\sechost.dll",
    "C:\\WINDOWS\\System32\\ucrtbase.dll",
    "C:\\WINDOWS\\System32\\USER32.dll",
    "C:\\WINDOWS\\System32\\win32u.dll",
    "C:\\WINDOWS\\System32\\GDI32.dll",
    "C:\\WINDOWS\\System32\\gdi32full.dll",
    "C:\\WINDOWS\\System32\\msvcp_win.dll",
    "C:\\WINDOWS\\System32\\PSAPI.DLL",
    "C:\\WINDOWS\\System32\\CRYPT32.dll",
    "C:\\WINDOWS\\System32\\bcrypt.dll",
    "C:\\WINDOWS\\SYSTEM32\\IPHLPAPI.DLL",
    "C:\\WINDOWS\\SYSTEM32\\USERENV.dll",
    "C:\\WINDOWS\\SYSTEM32\\WINMM.dll",
    "C:\\WINDOWS\\System32\\IMM32.DLL",
    "C:\\WINDOWS\\SYSTEM32\\powrprof.dll",
    "C:\\WINDOWS\\SYSTEM32\\UMPDC.dll",
    "C:\\WINDOWS\\SYSTEM32\\CRYPTBASE.DLL",
    "C:\\WINDOWS\\system32\\uxtheme.dll",
    "C:\\WINDOWS\\System32\\combase.dll",
    "C:\\WINDOWS\\system32\\mswsock.dll",
    "C:\\WINDOWS\\SYSTEM32\\kernel.appcore.dll",
    "C:\\WINDOWS\\System32\\bcryptprimitives.dll",
    "C:\\WINDOWS\\System32\\NSI.dll",
    "C:\\WINDOWS\\SYSTEM32\\dhcpcsvc6.DLL",
    "C:\\WINDOWS\\SYSTEM32\\dhcpcsvc.DLL",
    "C:\\WINDOWS\\SYSTEM32\\DNSAPI.dll",
    "C:\\WINDOWS\\system32\\napinsp.dll",
    "C:\\WINDOWS\\system32\\pnrpnsp.dll",
    "C:\\WINDOWS\\system32\\wshbth.dll",
    "C:\\WINDOWS\\system32\\NLAapi.dll",
    "C:\\WINDOWS\\System32\\winrnr.dll"
  ]
}